0.877074278159164,2,725.804889980317,0.997073127344344
0.87815300009107,2,741.542733662975,0.939844604861932
0.872908393271972,2,755.438192423463,0.889315663914703
0.863376679560735,2,767.780145451336,0.844435834722443
0.850952388044465,2,778.830345140182,0.804253290399339
0.836640144157284,2,788.767935213287,0.768116599224414
0.821129702536832,2,797.759044385453,0.735421656780185
0.804906064873808,2,805.93834873997,0.705678731854668
0.78834763445081,2,813.400785010445,0.678542599962013
0.77168465585686,2,820.246054347503,0.65365071146364
0.755121884244415,2,826.538994856222,0.630767291431918
0.738775176290457,2,832.347871695065,0.60964410292704
0.722722323880071,2,837.730189517335,0.59007203811878
0.70704725893258,2,842.724346485094,0.571911467326931
0.69176751208231,2,847.377317977058,0.554991570992516
0.676929653697451,2,851.716882125883,0.539211337724061
0.662535858002071,2,855.776491578276,0.524449121533544
0.648581242895204,2,859.585039153545,0.510599857623468
0.635084735336719,2,863.160132778908,0.497599517167619
0.622021422319021,2,866.527289100115,0.485355312363215
0.60940139522547,2,869.6997067047,0.47381924834656
0.597195646836635,2,872.697987843324,0.46291640784247
0.585409350032865,2,875.532123279378,0.452610460802261
0.574020298396757,2,878.217109620073,0.442846874108829
0.563006879686857,2,880.766201692392,0.433577448391312
0.552370812085096,2,883.186070191715,0.424777926575597
0.542082684353849,2,885.489523340095,0.416401733308753
0.532143294953845,2,887.681688366216,0.408430224122862
0.52253143097628,2,889.771905255858,0.400829435433258
0.513227169467535,2,891.768524902427,0.393569000354822
0.504230914906077,2,893.675016672282,0.386636303009893
0.49551722154626,2,895.499910260362,0.380000326325966
0.487086561398641,2,897.245878076593,0.373651352448765
0.478921026381518,2,898.91910773777,0.367566880953575
0.471003955096433,2,900.525181404242,0.361726613075489
0.463336122154524,2,902.065892047077,0.356124028919736
0.455896381245093,2,903.547234296784,0.35073732982989
0.448685755400513,2,904.970568040406,0.345561570762166
0.441689615051035,2,906.340199555953,0.340581092523822
0.434894378576631,2,907.660041776879,0.335781666265906
0.428301436053146,2,908.930967405463,0.331160118525603
0.421893338125453,2,910.157374885364,0.326700454962319
0.415671695657496,2,911.339892960635,0.322400389234068
0.409624618154266,2,912.481641442818,0.318248576571579
0.40374106190009,2,913.585472001585,0.314234647266975
0.398022919378836,2,914.651735452798,0.310357325626202
0.392455725712263,2,915.683774208168,0.306604457424859
0.387041526728433,2,916.681798498674,0.302975278186653
0.381770607862181,2,917.648145131031,0.29946129043262
0.37663393282509,2,918.584960745049,0.296054688199835
0.371633728753044,2,919.492294394143,0.29275529311222
0.366757898193958,2,920.37276055554,0.289553597979862
0.362008759859938,2,921.226326484871,0.286449721873204
0.35737830399602,2,922.054792213897,0.283437119222204
0.352859065758241,2,922.859818389479,0.280509751310995
0.348453463392771,2,923.641278564402,0.277668077947635
0.344151275968755,2,924.401267824144,0.27490448063949
0.339954966440499,2,925.139612407665,0.27221959124486
0.335857861205175,2,925.857732283164,0.269608246243047
0.33185372779755,2,926.556942378624,0.267065664077742
0.327945069372775,2,927.237015304402,0.264592671620369
0.324123161587474,2,927.899664508047,0.262183038152564
0.320390519414208,2,928.544635997042,0.259837687283499
0.316738931198441,2,929.173518724776,0.257550841000827
0.313170913795568,2,929.786037903441,0.255323498532952
0.309681205768277,2,930.383247216408,0.253151828303983
0.306264879155239,2,930.966126851809,0.251032265993432
0.302924438305575,2,931.534379522602,0.248965892645095
0.29965277879472,2,932.089335750493,0.246947869998213
0.296452388300432,2,932.630687872143,0.244979316828582
0.293318773180518,2,933.159304949812,0.243057072909783
0.290247716113221,2,933.675997746512,0.241178190012699
0.28724166999138,2,934.180448404674,0.239343823983011
0.28429443409918,2,934.673786806895,0.237549866156752
0.281408432936184,2,935.155691160135,0.235797486690433
0.278579792620711,2,935.626888805209,0.234084040708339
0.275804870426718,2,936.088060062341,0.232407054318769
0.273086042348332,2,936.538880555752,0.230767707070005
0.270417852739074,2,936.980321547681,0.229162467099357
0.267802642209965,2,937.412058705098,0.227592513799655
1.06125987657278,2.2,798.385378978421,1.09678044007849
1.06256513011041,2.2,815.697007029346,1.03382906534789
1.05621915585926,2.2,830.982011665884,0.978247230305929
1.04468578226866,2.2,844.558159996545,0.928879418194426
1.029652389534,2.2,856.713379654282,0.884678619439019
1.0123345744305,2.2,867.644728734699,0.844928259146564
0.993566940069746,2.2,877.534948824079,0.808963822457927
0.97393633849749,2.2,886.532183614047,0.776246605039844
0.953900637685653,2.2,894.740863511571,0.746396859957924
0.933738433586962,2.2,902.270659782335,0.719015782609705
0.913697479935909,2.2,909.192894341927,0.693844020574818
0.893917963311618,2.2,915.582658864655,0.670608513219446
0.874494011895052,2.2,921.503208469152,0.649079241930365
0.855527183308578,2.2,926.996781133687,0.629102614059329
0.837038689619742,2.2,932.115049774848,0.610490728091466
0.819084880974064,2.2,936.888570338556,0.59313247149616
0.801668388182658,2.2,941.35414073619,0.576894033686589
0.784783303903345,2.2,945.543543068986,0.561659843385521
0.768452529757569,2.2,949.476146056885,0.547359468884064
0.752645921006149,2.2,953.180018010213,0.533890843599239
0.737375688222949,2.2,956.669677375257,0.521201173180895
0.72260673267246,2.2,959.967786627743,0.50920804862639
0.708345313539895,2.2,963.085335607403,0.497871506882174
0.694564561060203,2.2,966.038820582168,0.487131561519397
0.681238324421224,2.2,968.842821861719,0.476935193230118
0.668368682623087,2.2,971.504677210974,0.467255719232828
0.655920048068278,2.2,974.038475674193,0.458041906639299
0.643893386894269,2.2,976.449857202924,0.449273246534824
0.632263031481414,2.2,978.749095781531,0.440912378976267
0.62100487505583,2.2,980.945377392756,0.432925900389978
0.61011940703646,2.2,983.042518339596,0.42529993331057
0.599575838071083,2.2,985.049901286485,0.418000358958242
0.58937473929246,2.2,986.970465884341,0.411016487693317
0.579494441921739,2.2,988.811018511636,0.404323569048607
0.569914785666785,2.2,990.577699544755,0.397899274382724
0.560636707807074,2.2,992.272481251872,0.39173643181138
0.55163462130666,2.2,993.90195772655,0.385811062812549
0.542909764034718,2.2,995.467624844534,0.380117727838056
0.534444434211847,2.2,996.974219511636,0.37463920177587
0.526222198077819,2.2,998.426045954654,0.369359832892166
0.518244737624397,2.2,999.824064146097,0.364276130377834
0.510490939131889,2.2,1001.17311237399,0.359370500458223
0.502962751745659,2.2,1002.47388225679,0.354640428157142
0.495645787966748,2.2,1003.72980558719,0.350073434228405
0.488526684899195,2.2,1004.94401920183,0.345658111993336
0.481607732448476,2.2,1006.11690899817,0.341393058188483
0.474871428111923,2.2,1007.25215162907,0.337264903167004
0.468320247341485,2.2,1008.34997834863,0.333272806004985
0.461942435513319,2.2,1009.41295964422,0.329407419475555
0.455727058718439,2.2,1010.44345681964,0.325660157019476
0.449676811791264,2.2,1011.44152383365,0.322030822423106
0.443777056814769,2.2,1012.41003661118,0.318508957777515
0.438030599430602,2.2,1013.34895913345,0.315094694060191
0.432427747835261,2.2,1014.26027143538,0.311780831144088
0.426959469567547,2.2,1015.14580022852,0.308560726441766
0.421628690705326,2.2,1016.00540642093,0.305434885742066
0.416423043922266,2.2,1016.84139460665,0.302394928703098
0.411345509393076,2.2,1017.65357364852,0.29944155036902
0.406388012058332,2.2,1018.44350551157,0.296569070867019
0.401543010635106,2.2,1019.21263661658,0.293772230485178
0.396813533941128,2.2,1019.96071683493,0.291051938782069
0.392189025520912,2.2,1020.68963095894,0.288401341967487
0.38767252849126,2.2,1021.39909959684,0.285821456011508
0.383254106750182,2.2,1022.09087059734,0.283305925100572
0.378936805692704,2.2,1022.76464169387,0.280855848385912
0.374714258979681,2.2,1023.42157193814,0.278467011134038
0.370580503777905,2.2,1024.06273953708,0.276135492592441
0.366538570349809,2.2,1024.68781747495,0.273862481909265
0.362579862341676,2.2,1025.29826932563,0.271642656997701
0.358707389843585,2.2,1025.89375665945,0.269477248511104
0.354915715548489,2.2,1026.47523544488,0.267362780200421
0.351199736497059,2.2,1027.04359752125,0.265296009013621
0.347562420689632,2.2,1027.59849324523,0.263278206380976
0.343996265260069,2.2,1028.14116548768,0.261304852772095
0.340504203852843,2.2,1028.67126027624,0.259377235359132
0.337081549071119,2.2,1029.18957768582,0.25749244477884
0.333723893216388,2.2,1029.69686606867,0.255647759750308
0.330434111241541,2.2,1030.19276861142,0.253844477776668
0.327205601814338,2.2,1030.67835370254,0.252078713808953
0.324041197074115,2.2,1031.1532645757,0.250351765179281
1.26298696054961,2.4,870.965867976524,1.19648775281268
1.26454032013158,2.4,889.851280395716,1.12781352583381
1.25698808631207,2.4,906.525830908305,1.06717879669711
1.24326241856784,2.4,921.336174541756,1.01332300166637
1.22537143878443,2.4,934.596414168378,0.96510394847865
1.20476180758689,2.4,946.521522256107,0.921739919068724
1.18242677165344,2.4,957.310853262707,0.882505988135641
1.15906473341868,2.4,967.126018488129,0.846814478225029
1.13522059360956,2.4,976.080942012698,0.814251119953856
1.11122590443424,2.4,984.295265217167,0.784380853755769
1.08737551331232,2.4,991.846793827632,0.756920749717718
1.06383625385862,2.4,998.817446034244,0.731572923511853
1.04072014638765,2.4,1005.27622742097,0.708086445741929
1.01814805286326,2.4,1011.26921578228,0.686293760791707
0.996145217398857,2.4,1016.85278157264,0.665989885190416
0.974778701324652,2.4,1022.06025855123,0.647053605268259
0.954051635523304,2.4,1026.9317898941,0.629338945839634
0.933956989769406,2.4,1031.50204698443,0.612719829147555
0.914522018885179,2.4,1035.79215933486,0.597119420600508
0.895710848139688,2.4,1039.83274692031,0.582426374835244
0.877538009124968,2.4,1043.63964804581,0.56858309801523
0.859961731445035,2.4,1047.23758541216,0.55549968941033
0.842989464047608,2.4,1050.63854793543,0.543132552962087
0.826589229691604,2.4,1053.86053154426,0.531416248929964
0.810729906749344,2.4,1056.91944203105,0.520292938068924
0.795413969402801,2.4,1059.82328423023,0.509733511890058
0.780599065469805,2.4,1062.58742800829,0.499682079969865
0.766286344733791,2.4,1065.21802603963,0.49011626894679
0.752445260606093,2.4,1067.72628630721,0.480995322519262
0.739047124033496,2.4,1070.12222988309,0.472282800425138
0.726092517464988,2.4,1072.41002000691,0.463963563611232
0.71354479902685,2.4,1074.59989231261,0.456000391590514
0.701404648414272,2.4,1076.69505369209,0.448381622937874
0.689646277989612,2.4,1078.7029292855,0.441080257143645
0.678245695339085,2.4,1080.63021768527,0.434071935689934
0.667204015902735,2.4,1082.47907045667,0.427348834703019
0.65649078899315,2.4,1084.25668115632,0.420884795795223
0.646107487776953,2.4,1085.96468164866,0.414673884913951
0.6360330456737,2.4,1087.60823946732,0.408697311027927
0.626247905150557,2.4,1089.19205013243,0.402937999518435
0.616754067916734,2.4,1090.71716088674,0.397392142230064
0.607526406900853,2.4,1092.18884986262,0.392040545954127
0.598567241746988,2.4,1093.60787155294,0.386880467080217
0.589859450142335,2.4,1094.97796973156,0.38189829188524
0.581387129136321,2.4,1096.30256640208,0.377081576719707
0.573153003905713,2.4,1097.58208254354,0.372428790750775
0.565136245025846,2.4,1098.82052904998,0.367925348909159
0.557339798489124,2.4,1100.01815819859,0.363570333823316
0.549749675321721,2.4,1101.17777415742,0.359353548518481
0.542352863268309,2.4,1102.30195289424,0.355265625839128
0.535152569404559,2.4,1103.39075327315,0.351306351733992
0.528131373399472,2.4,1104.44731266683,0.347464317575168
0.521292614198481,2.4,1105.47159178203,0.343739666247179
0.514624757754439,2.4,1106.46575065686,0.340124543065972
0.508117054692033,2.4,1107.43178206756,0.336611701572527
0.501772987285753,2.4,1108.36953427746,0.333201693536497
0.495577837395169,2.4,1109.28152138915,0.329885376766716
0.489535151674479,2.4,1110.16753488938,0.32666350949317
0.483635320135609,2.4,1111.02927873998,0.323529895490991
0.477869368028627,2.4,1111.86833085453,0.320478796892615
0.47224089989695,2.4,1112.68441836546,0.317511205943769
0.466737352686114,2.4,1113.47959740984,0.314619645782409
0.461362347956611,2.4,1114.25356319663,0.311805224739517
0.456104060925904,2.4,1115.00822246991,0.309061009200317
0.450966115865765,2.4,1115.74324548431,0.306388198238873
0.445940936306464,2.4,1116.45989665987,0.303782193964104
0.44102142598369,2.4,1117.15935222235,0.301238719191441
0.43621119116017,2.4,1117.84125542731,0.298759071173435
0.431500001464539,2.4,1118.50720290078,0.296337443997179
0.426891439152761,2.4,1119.15682544675,0.293975180193625
0.422379033380084,2.4,1119.79116593996,0.291668487491069
0.417956711203175,2.4,1120.411197296,0.289413828014554
0.413628004787723,2.4,1121.01653808579,0.28721258877894
0.409383985102954,2.4,1121.60854416846,0.285059839387428
0.405228143428238,2.4,1122.18682939235,0.282956984027841
0.401154901373955,2.4,1122.75226656643,0.280900848849331
0.397159013414604,2.4,1123.30567207499,0.278888465181847
0.393243900981727,2.4,1123.84665666709,0.276921248483331
0.389401707944395,2.4,1124.3763858574,0.274994960518549
0.385635804782476,2.4,1124.8944704463,0.273111016558907
1.48225553008965,2.6,943.546356974627,1.29619506554686
1.4840785701546,2.6,964.005553762087,1.22179798631972
1.47521518463031,2.6,982.069650150726,1.1561103630883
1.45910658845828,2.6,998.114189086965,1.09776658513835
1.43810953579581,2.6,1012.47944868247,1.04552927751832
1.41392184362645,2.6,1025.39831577751,0.998551578990884
1.38770919728789,2.6,1037.08675770133,0.956048153813364
1.36029124963737,2.6,1047.71985336221,0.917382351410185
1.3323075022225,2.6,1057.42102051383,0.882105379949758
1.30414706839869,2.6,1066.319870652,0.849745924901863
1.27615598437367,2.6,1074.50069331334,0.819997478860599
1.24853004793146,2.6,1082.05223320383,0.79253733380426
1.22140072735788,2.6,1089.04924637279,0.767093649553514
1.19490986759661,2.6,1095.54165043087,0.743484907524104
1.16908709541964,2.6,1101.59051337043,0.721489042289366
1.14401111474922,2.6,1107.2319467639,0.700974739040357
1.11968560002402,2.6,1112.50943905202,0.681783857992679
1.09610230049341,2.6,1117.46055089987,0.663779814909588
1.07329320271955,2.6,1122.10817261284,0.646879372316953
1.05121620371963,2.6,1126.48547583041,0.630961906071248
1.02988835793152,2.6,1130.60961871637,0.615965022849565
1.00926064315437,2.6,1134.50738419658,0.60179133019425
0.989341801555999,2.6,1138.19176026345,0.588393599042
0.970094304290971,2.6,1141.68224250636,0.575700936340532
0.951481626671226,2.6,1144.99606220037,0.56365068290775
0.933506672424242,2.6,1148.14189124949,0.552211304547309
0.916119736558433,2.6,1151.13638034239,0.541322253300411
0.899322168472414,2.6,1153.98619487634,0.530959291358757
0.883078118350319,2.6,1156.70347683288,0.521078266062256
0.867353916400529,2.6,1159.29908237342,0.511639700460298
0.852150246191658,2.6,1161.77752167423,0.502627193911893
0.837424104413563,2.6,1164.14988333874,0.494000424222786
0.823176288764079,2.6,1166.41964149984,0.485746758182416
0.809376534585135,2.6,1168.59484005937,0.477836945238678
0.795996684113332,2.6,1170.68273582578,0.470244596997169
0.783038046441502,2.6,1172.68565966147,0.462961237594673
0.770464884304561,2.6,1174.61140458609,0.455958528777883
0.758278926627217,2.6,1176.4617384528,0.449230041989851
0.746455449436587,2.6,1178.24225942301,0.44275542027999
0.734971499794844,2.6,1179.95805431021,0.4365161661447
0.723829426930145,2.6,1181.61025762737,0.4305081540823
0.712999741432343,2.6,1183.20458735124,0.424710591450026
0.702485165661487,2.6,1184.7418608491,0.419120506003296
0.692265604681024,2.6,1186.22613387593,0.41372314954207
0.682322394611465,2.6,1187.66111360233,0.408505041446078
0.672658733750543,2.6,1189.04725608891,0.403464523313066
0.66325017645403,2.6,1190.38890647089,0.398585794651324
0.65410018017135,2.6,1191.68633804855,0.393867861641658
0.645192327287379,2.6,1192.94258867061,0.389299677561416
0.636511346474693,2.6,1194.16044896884,0.38487109465878
0.62806100159293,2.6,1195.33998271266,0.380581881044889
0.619820847948072,2.6,1196.48458872247,0.376419677372822
0.611794804163573,2.6,1197.59422443061,0.372384638434167
0.603969333753548,2.6,1198.67122987834,0.368468254987866
0.5963318211317,2.6,1199.7177639066,0.364662676703298
0.58888635313405,2.6,1200.733662134,0.360968501330928
0.58161565638746,2.6,1201.72164817166,0.357375824830325
0.574523893284704,2.6,1202.68149613024,0.353885468617321
0.567599785437003,2.6,1203.61505196839,0.350490720114953
0.560832799978114,2.6,1204.52402509249,0.347185363300061
0.554227167240243,2.6,1205.408119896,0.343970473105469
0.547768143083081,2.6,1206.26956386074,0.340837949597322
0.541459977810257,2.6,1207.10802679643,0.337788993467537
0.53528879372561,2.6,1207.92557434248,0.334816093300062
0.529258844314751,2.6,1208.72184927475,0.331920548091833
0.523361237748626,2.6,1209.49822138161,0.32909737679417
0.517587645772591,2.6,1210.25596490763,0.326341945790451
0.511942300736653,2.6,1210.99469337966,0.323655660437615
0.506413196163308,2.6,1211.71613647592,0.321032230996666
0.501004536227957,2.6,1212.41989423406,0.318473111876147
0.495708726675301,2.6,1213.10709643503,0.315974194781707
0.490518640231566,2.6,1213.77879707074,0.313531647015486
0.485438422285653,2.6,1214.43458292635,0.311146971176904
0.480457593627833,2.6,1215.07592284924,0.30881482600277
0.475580251662368,2.6,1215.70239850845,0.306536732696539
0.470799849529216,2.6,1216.31495544705,0.304309252919833
0.466110231021367,2.6,1216.91447808132,0.302129170613386
0.461515411568892,2.6,1217.50054472275,0.299998019189984
0.457006171129244,2.6,1218.07441801226,0.297911207228145
0.452586465335047,2.6,1218.6356763169,0.295870267938533
1.71906558519288,2.8,1016.12684597272,1.39590237828101
1.72117988017947,2.8,1038.15982712845,1.31578244680564
1.710900450814,2.8,1057.61346939314,1.24504192947949
1.69221829193997,2.8,1074.89220363217,1.1822101686103
1.66786668056809,2.8,1090.36248319656,1.12595460655795
1.63981468254919,2.8,1104.27510929891,1.07536323891304
1.60941421697308,2.8,1116.86266213995,1.02959031949109
1.57761588715355,2.8,1128.31368823628,0.98795022459538
1.54516136352445,2.8,1138.76109901494,0.94995963994565
1.51250192548028,2.8,1148.34447608683,0.915110996047908
1.4800388931199,2.8,1157.15459279904,0.88307420800349
1.44799934553012,2.8,1165.28702037342,0.853501744096656
1.41653575480575,2.8,1172.8222653246,0.826100853365109
1.38581262750864,2.8,1179.81408507946,0.800676054256502
1.3558643236821,2.8,1186.32824516822,0.776988199388297
1.32678212124776,2.8,1192.40363497658,0.754895872812456
1.29857028168481,2.8,1198.08708820993,0.734228770145724
1.27121923607533,2.8,1203.41905481531,0.714839800671622
1.24476608126068,2.8,1208.42418589082,0.696639324033417
1.21916198774597,2.8,1213.13820474051,0.679497437307252
1.1944267346426,2.8,1217.57958938693,0.663346947683919
1.17050346780047,2.8,1221.777182981,0.64808297097819
1.14740232606344,2.8,1225.74497259061,0.633654645125075
1.12507978485669,2.8,1229.50395346758,0.619985623754262
1.1034934841853,2.8,1233.07268236883,0.607008427749738
1.08264679168587,2.8,1236.46049826788,0.594689097207742
1.06248206133265,2.8,1239.68533267561,0.582962426634159
1.04300085810865,2.8,1242.75436371217,0.571802313773926
1.02416160471264,2.8,1245.68066735767,0.561161209608492
1.00592525215551,2.8,1248.47593486286,0.550996600498681
0.988292593215064,2.8,1251.14502334066,0.541290824215797
0.971213754229843,2.8,1253.69987436397,0.5320004568583
0.954689660340519,2.8,1256.14422930669,0.523111893430219
0.938685211706972,2.8,1258.48675083234,0.514593633336953
0.923167751988219,2.8,1260.7352539654,0.506417258307646
0.908138799422093,2.8,1262.89224886537,0.498573640489589
0.893556907239624,2.8,1264.96612801496,0.491032261763804
0.879424080584259,2.8,1266.95879525603,0.483786199069013
0.865711645499288,2.8,1268.87627937779,0.476813529535319
0.852392982009473,2.8,1270.72405848709,0.470094332774232
0.839470814663449,2.8,1272.5033543671,0.463624165937822
0.826910942725185,2.8,1274.22032483897,0.457380636949232
0.814716523487996,2.8,1275.87585014434,0.451360544929672
0.802864251581676,2.8,1277.4742980194,0.445548007202187
0.791332481323501,2.8,1279.01966080167,0.439928506175745
0.780124921981854,2.8,1280.51242963337,0.434500255878654
0.769213222395379,2.8,1281.95728389089,0.429246240396786
0.75860139238708,2.8,1283.3545178976,0.424165389463296
0.748270391409235,2.8,1284.70740318289,0.419245806607668
0.738202508336547,2.8,1286.01894504252,0.414476563481758
0.728402108355344,2.8,1287.28921215125,0.409857410359096
0.718845480459541,2.8,1288.5218647772,0.405375037173807
0.70953716932487,2.8,1289.71685707827,0.401029610624486
0.7004614758316,2.8,1290.8767090989,0.396811966913081
0.69160376888556,2.8,1292.00374574472,0.3927136518374
0.682968788249246,2.8,1293.09778998961,0.3887353091287
0.674536500898182,2.8,1294.16177495325,0.384866272897284
0.666311734222811,2.8,1295.19545737018,0.381107427744812
0.65828140796158,2.8,1296.20082519588,0.377451544742276
0.650433306482642,2.8,1297.17971932952,0.373891929710839
0.64277233597009,2.8,1298.13182142561,0.370429740270521
0.635281396710905,2.8,1299.05953031071,0.367056253415596
0.627965418051312,2.8,1299.9624903953,0.363772762198907
0.620808305148414,2.8,1300.84292621413,0.360571177403168
0.613814991038788,2.8,1301.70045306426,0.357452897948145
0.606975163305306,2.8,1302.53654610241,0.354412559627587
0.600279163143756,2.8,1303.35257759198,0.351445172392821
0.593731899078419,2.8,1304.14813133109,0.348552249705146
0.58731944643715,2.8,1304.92507005013,0.345727017999515
0.581046681068349,2.8,1305.68296302044,0.34297104356203
0.574904795433324,2.8,1306.42302692918,0.340279902075716
0.568885523581427,2.8,1307.14639684456,0.33764946601979
0.562993673182624,2.8,1307.85262776599,0.33508135357824
0.557217090833918,2.8,1308.54330152909,0.332569812621484
0.55156052855445,2.8,1309.21796762363,0.330116481368629
0.546016393536128,2.8,1309.87764432673,0.327717656993705
0.540577546035906,2.8,1310.52328408672,0.325369876048307
0.535248643002274,2.8,1311.15443277749,0.323074789900038
0.530018991368133,2.8,1311.77245016619,0.320827453941122
0.524893178731083,2.8,1312.37688218658,0.318629519321549
1.9734171258594,3,1088.70733497083,1.49560969101519
1.97584425020621,3,1112.31410049482,1.40976690729156
1.96404388486323,3,1133.15728863556,1.33397349587067
1.9425975290129,3,1151.67021817738,1.26665375208228
1.91464287310129,3,1168.24551771066,1.20637993559762
1.88244032435511,3,1183.15190282032,1.1521748988352
1.84754183070907,3,1196.63856657857,1.10313248516881
1.81103864596725,3,1208.90752311035,1.05851809778054
1.7737821775155,3,1220.10117751607,1.01781389994158
1.73629047567677,3,1230.36908152084,0.980476067196937
1.69902423954881,3,1239.80849228392,0.946150937149393
1.66224414665243,3,1248.52180754218,0.914466154392046
1.62612522872909,3,1256.59528427558,0.885108057179696
1.59085633259724,3,1264.08651972722,0.857867200991933
1.55647690218416,3,1271.06597696516,0.8324873564903
1.52309172081825,3,1277.5753231884,0.808817006587638
1.49070568050369,3,1283.66473736699,0.786673682301852
1.45930779651326,3,1289.37755872989,0.765899786436758
1.42894065450668,3,1294.74019916794,0.746399275752965
1.39954820021688,3,1299.79093364974,0.728032968546399
1.3711531392564,3,1304.54956005662,0.710728872521397
1.34369020538154,3,1309.04698176455,0.694374611765272
1.31717103757307,3,1313.29818491863,0.678915691204968
1.29154567139186,3,1317.32566442968,0.66427031116483
1.26676547929459,3,1321.14930253815,0.650366172588544
1.24283432719065,3,1324.77910528714,0.637166889864972
1.21968603979536,3,1328.2342850097,0.624602599964725
1.19732241364536,3,1331.52253254888,0.612645336185892
1.17569571969585,3,1334.65785788334,0.601244153151486
1.15476113130118,3,1337.6527873532,0.590353500533842
1.13451955853792,3,1340.51252500798,0.579954454516459
1.11491374847834,3,1343.2498653901,0.570000489490572
1.09594476314621,3,1345.86881711444,0.560477028674761
1.0775723093577,3,1348.37866160621,0.551350321431985
1.05975889896627,3,1350.78777210591,0.542589919614862
1.04250627484699,3,1353.09883807017,0.534186043381223
1.02576685780078,3,1355.32085144473,0.526105994746463
1.00954294965049,3,1357.45585206016,0.518342356144893
0.993801633864168,3,1359.51029933348,0.510871638787367
0.978512351796774,3,1361.49006266487,0.503672499400502
0.963678231118938,3,1363.39645110774,0.496740177790043
0.94926001078164,3,1365.23606232759,0.490050682445136
0.935261315228745,3,1367.0098394405,0.483600583852746
0.921655390846486,3,1368.72246216377,0.477372864859022
0.9084173892746,3,1370.37820800192,0.471351970902116
0.895551568601787,3,1371.97760317874,0.465535988440946
0.883025382852007,3,1373.5256613118,0.459906686138941
0.870843435138394,3,1375.02269774755,0.454462917281628
0.858983867689335,3,1376.47221769609,0.449191935650603
0.84742634885589,3,1377.87744111712,0.44408203230141
0.836175889693796,3,1379.23844159076,0.439132939669998
0.825205270935858,3,1380.55914083285,0.434330396971465
0.814519709684319,3,1381.83948972685,0.429674582811479
0.804101183990514,3,1383.08218832039,0.425155678834979
0.793932897955515,3,1384.28972758376,0.420764626968166
0.784020292633212,3,1385.46191784614,0.416502116923136
0.774340370929184,3,1386.60190173576,0.412356720960908
0.764898674490613,3,1387.70941861103,0.408329386868973
0.755680187711139,3,1388.78659842428,0.404412369366248
0.746670887543988,3,1389.83541356747,0.400598496118286
0.737876406088252,3,1390.85552295614,0.396889007432231
0.729277113571328,3,1391.84949676161,0.393274557230529
0.720878668681488,3,1392.8169539951,0.389756530926927
0.712662595196018,3,1393.7602780867,0.386326261502913
0.70463455603956,3,1394.6790568547,0.382985247801106
0.696782712978162,3,1395.57487082415,0.379727742457652
0.689095978098831,3,1396.44919027725,0.376548398991821
0.681579986187088,3,1397.30156928344,0.373448838969316
0.674218752287672,3,1398.13400362528,0.370421804999003
0.667017873675527,3,1398.94603180775,0.367468975244551
0.659967239655728,3,1399.73895742425,0.364585609366363
0.653057361254313,3,1400.5139966193,0.361767285020722
0.646293757480175,3,1401.27067260655,0.359015735976205
0.63966247672273,3,1402.01068020988,0.356324799236817
0.633168974105994,3,1402.73353673974,0.353696230037328
0.626804533396184,3,1403.44033320735,0.351126061064196
0.620560958459704,3,1404.13209009305,0.348610581479836
0.614443595283338,3,1404.80832083316,0.346151560606691
0.608440168662513,3,1405.47048232105,0.343743700650719
0.60255594497202,3,1406.11808805718,0.341388770701175
2.2453101520891,3.2,1161.28782396893,1.59531700374934
2.24807168023479,3.2,1186.46837386119,1.50375136777747
2.23464548677789,3.2,1208.70110787798,1.4229050622619
2.21024429967435,3.2,1228.44823272182,1.35109733555701
2.17843811339275,3.2,1246.12855222398,1.28680526464008
2.14179876904155,3.2,1262.02869634095,1.22898655876019
2.10209203849325,3.2,1276.41447101641,1.17667465084944
2.06055952607592,3.2,1289.50135798363,1.12908597096863
2.01816994419306,3.2,1301.44125601639,1.08566815994042
1.97551271899255,3.2,1312.39368695568,1.04584113834298
1.93311202366473,3.2,1322.46239176963,1.00922766629227
1.89126445130264,3.2,1331.75659471177,0.975430564684453
1.85016914913207,3.2,1340.3683032274,0.944115260991261
1.8100409828665,3.2,1348.35895437581,0.915058347724311
1.77092483092982,3.2,1355.80370876295,0.88798651358927
1.73293991346461,3.2,1362.74701140107,0.862738140359727
1.69609179648446,3.2,1369.2423865249,0.839118594454907
1.66036798181091,3.2,1375.33606264533,0.816959772198812
1.6258169224612,3.2,1381.05621244591,0.796159227469429
1.59237484113592,3.2,1386.44366255984,0.776568499782403
1.56006757177643,3.2,1391.51953072718,0.758110797355732
1.52882085590104,3.2,1396.31678054897,0.740666252549192
1.4986479360834,3.2,1400.85139724666,0.724176737284881
1.46949196389497,3.2,1405.14737539177,0.708554998575397
1.44129761199765,3.2,1409.22592270748,0.69372391742737
1.41406927893714,3.2,1413.0977123064,0.679644682522223
1.38773167194517,3.2,1416.7832373438,0.666242773295271
1.36228683508117,3.2,1420.29070138559,0.653488358597859
1.33768046329861,3.2,1423.63504840902,0.64132709669448
1.31386155383624,3.2,1426.82963984353,0.629710400569002
1.29083114215891,3.2,1429.88002667529,0.61861808481712
1.2685240871578,3.2,1432.79985641622,0.608000522122844
1.2469415971799,3.2,1435.59340492219,0.597842163919323
1.22603782753607,3.2,1438.27057238007,0.588107009527018
1.20577012504626,3.2,1440.84029024643,0.578762580922097
1.18614047271499,3.2,1443.30542727496,0.569798446272877
1.16709473598686,3.2,1445.67557487449,0.561179727729122
1.14863553382475,3.2,1447.95290886429,0.552898513220773
1.13072541453008,3.2,1450.14431928916,0.544929748039414
1.11332960915562,3.2,1452.25606684264,0.537250666026772
1.09645167629551,3.2,1454.28954784838,0.529856189642284
1.08004694560062,3.2,1456.25179981622,0.522720727941021
1.06411954088266,3.2,1458.14382873665,0.51584062277582
1.0486390224744,3.2,1459.97062630814,0.509197722515858
1.03357711846372,3.2,1461.73675520217,0.502775435628487
1.01893867360932,3.2,1463.44277672411,0.496571721003237
1.0046866578229,3.2,1465.0940387327,0.490567131881097
0.990826308424292,3.2,1466.69087759751,0.48476044509996
0.977332756126697,3.2,1468.23703220928,0.479138064693519
0.964182868031753,3.2,1469.73593719171,0.473687501121062
0.95138234560732,3.2,1471.18767103026,0.468408468980874
0.938900219376067,3.2,1472.5964168885,0.463285756769109
0.926742425240981,3.2,1473.96212237543,0.458319554998457
0.914888458229356,3.2,1475.28766754187,0.453499390756853
0.903319208340648,3.2,1476.5757094228,0.448815602098927
0.892040866285047,3.2,1477.82604570267,0.444268924717567
0.881027266479573,3.2,1479.04202851826,0.439847169024506
0.870284714087245,3.2,1480.2233798519,0.435551345993118
0.85979612468482,3.2,1481.37237165269,0.431373193990225
0.849545543161304,3.2,1482.49110780543,0.427305062525717
0.839539377593886,3.2,1483.57922448667,0.423348274593936
0.82975529366352,3.2,1484.63946321251,0.419492861045437
0.820199729699964,3.2,1485.6714175949,0.415740299654941
0.810851663867607,3.2,1486.67762995927,0.412081345602673
0.801717539316253,3.2,1487.65766064513,0.408517597654076
0.792783886766392,3.2,1488.61319554588,0.405042925287718
0.78403809063702,3.2,1489.54580296252,0.40165162559084
0.775486562061883,3.2,1490.45500723579,0.398345428233496
0.767111113714101,3.2,1491.34293720042,0.395116591998491
0.758918114048725,3.2,1492.20910059506,0.391966906927083
0.750896059341751,3.2,1493.05488791933,0.388891316657011
0.743034153249475,3.2,1493.88159639404,0.385885104021664
0.735338675177568,3.2,1494.68871744711,0.382950118374169
0.727793751293539,3.2,1495.47805889066,0.380079785852159
0.720405588316272,3.2,1496.24910585584,0.377275978706037
0.713164269108664,3.2,1497.00302208796,0.374534465134698
0.706060468292047,3.2,1497.74089609937,0.371851286911375
0.699100268411382,3.2,1498.46220888883,0.369228331313354
0.692269703011686,3.2,1499.16851447592,0.366659947360315
0.685574764057169,3.2,1499.85929392778,0.364148022080801
2.53474466387904,3.4,1233.86831296631,1.69502431648617
2.53786217026231,3.4,1260.62264722683,1.59773582826609
2.5227052565551,3.4,1284.24492711965,1.51183662865583
2.49515860392961,3.4,1305.22624726703,1.43554091902895
2.45925240144762,3.4,1324.01158673808,1.36723059367975
2.4178900166137,3.4,1340.90548986235,1.30579821868235
2.37306484033062,3.4,1356.19037545503,1.25021681652716
2.32617852748448,3.4,1370.09519285771,1.19965384415379
2.27832466356205,3.4,1382.78133451751,1.15352241993631
2.23016865542554,3.4,1394.41829239051,1.11120620948907
2.1823022454656,3.4,1405.11629125533,1.07230439543515
2.13506025947869,3.4,1414.99138188136,1.03639497497686
2.08866751601267,3.4,1424.14132217922,1.00312246480283
2.04336657831443,3.4,1432.63138902441,0.972249494456689
1.99920810991716,3.4,1440.54144056074,0.9434856706882
1.95632669918494,3.4,1447.91869961375,0.916659274131845
1.91472862962533,3.4,1454.82003568281,0.891563506607972
1.87439979196649,3.4,1461.29456656077,0.868019757960835
1.83539488512247,3.4,1467.37222572389,0.845919179185864
1.79764191050135,3.4,1473.09639146994,0.825104031018418
1.76117003220099,3.4,1478.48950139773,0.805492722190086
1.72589541935727,3.4,1483.58657933339,0.786957893333131
1.6918330215944,3.4,1488.40460957468,0.769437783364794
1.65891866236606,3.4,1492.96908635387,0.752839685985965
1.62708988229446,3.4,1497.30254287681,0.737081662266176
1.59635164692538,3.4,1501.41631932565,0.722122475179453
1.56661895778208,3.4,1505.3321896779,0.707882946625837
1.53789412241608,3.4,1509.0588702223,0.694331381009825
1.51011583552092,3.4,1512.61223893469,0.681410040237494
1.48322651976066,3.4,1516.00649233386,0.669067300604163
1.45722734407805,3.4,1519.24752834261,0.657281715117802
1.4320447702682,3.4,1522.34984744235,0.646000554755116
1.40768016244158,3.4,1525.31799272994,0.635207299163865
1.3840817662421,3.4,1528.16248315394,0.624863697622051
1.36120143022821,3.4,1530.89280838694,0.614935242229312
1.33904139302611,3.4,1533.51201647976,0.605410849164531
1.31754054179786,3.4,1536.03029830426,0.596253460711782
1.29670183310703,3.4,1538.44996566842,0.587454670296673
1.27648298749704,3.4,1540.77833924485,0.578987857291482
1.25684475408602,3.4,1543.02207102042,0.570828832653021
1.23779115019316,3.4,1545.18264458901,0.562972201494504
1.21927174718213,3.4,1547.26753730485,0.555390773436925
1.20129120044974,3.4,1549.27781803281,0.548080661698894
1.18381514646541,3.4,1551.21879045252,0.541022580172673
1.16681166889085,3.4,1553.09530240242,0.534198900354838
1.15028623700443,3.4,1554.90795026948,0.527607453565529
1.13419704730804,3.4,1556.66241615361,0.521227577623252
1.11855001224478,3.4,1558.35905744747,0.515057972918311
1.10331705672131,3.4,1560.00184672248,0.509084193736454
1.08847206586413,3.4,1561.59443326631,0.503292969940714
1.07402147609592,3.4,1563.13690046977,0.49768399829177
1.05993032578017,3.4,1564.63369294414,0.492241116566772
1.04620531599485,3.4,1566.08475502401,0.486964527185454
1.03282329854814,3.4,1567.49314676335,0.481843102678747
1.01976270004096,3.4,1568.86169126184,0.476866577229688
1.00703050920475,3.4,1570.19017355921,0.472035732511998
0.994597187549353,3.4,1571.48215530077,0.467337617088124
0.982469853012697,3.4,1572.73734109275,0.462773305117268
0.970629218882615,3.4,1573.9581448811,0.458334018614177
0.959057273334581,3.4,1575.14680204338,0.454011628933164
0.947761250486988,3.4,1576.30292601721,0.449807541755636
0.93671593698747,3.4,1577.4294296634,0.44571116486036
0.925928601106736,3.4,1578.52588119469,0.44172406838295
0.915375511163174,3.4,1579.59498183184,0.437836429702418
0.905063940868873,3.4,1580.63626443557,0.434049947507022
0.894978684670007,3.4,1581.65152026762,0.430358108117778
0.885105500758331,3.4,1582.6424156478,0.426754852189835
0.875451626702802,3.4,1583.60844518815,0.423242017497661
0.865996530716438,3.4,1584.55187077556,0.419811378997983
0.856747402187947,3.4,1585.47216938236,0.416464838609609
0.847691254491399,3.4,1586.3708184144,0.413197023947644
0.838815899566913,3.4,1587.24919616879,0.410002923022586
0.830128426274795,3.4,1588.10676228766,0.406884500772143
0.82161091454634,3.4,1588.94543757144,0.403834772467502
0.813270371185284,3.4,1589.76467497195,0.400855727374745
0.80509560067357,3.4,1590.56571096857,0.397942869205199
0.797076075532934,3.4,1591.3497021057,0.395091992342924
0.7892186623864,3.4,1592.1160969445,0.392305102020026
0.781507594415649,3.4,1592.86654663078,0.389576194069921
0.773949635986523,3.4,1593.60049979838,0.386907273460427
2.84172066123508,3.6,1306.44880196443,1.79473162922032
2.84521572029449,3.6,1334.77692059321,1.69172028875203
2.82822319420054,3.6,1359.78874636207,1.60076819504701
2.79734044177612,3.6,1382.00426181224,1.51998450250094
2.75708573726346,3.6,1401.89462125217,1.44765592271938
2.71071406706898,3.6,1419.78228338376,1.38260987860451
2.66046023621875,3.6,1435.96627989366,1.32375898220488
2.60789565019054,3.6,1450.68902773179,1.27022171733899
2.55424633562005,3.6,1464.12141301864,1.22137667993224
2.50025828497566,3.6,1476.44289782534,1.17657128063515
2.44659490495136,3.6,1487.77019074104,1.13538112457807
2.39363157118057,3.6,1498.22616905095,1.09735938526927
2.34162032937092,3.6,1507.91434113104,1.06212966861443
2.29083311894104,3.6,1516.903823673,1.02944064118911
2.24132673914617,3.6,1525.27917235854,0.99898482778717
2.19325207797925,3.6,1533.09038782642,0.970580407903924
2.14661617992625,3.6,1540.39768484073,0.944008418760997
2.10140322698001,3.6,1547.25307047621,0.919079743722869
2.05767454249051,3.6,1553.68823900186,0.895679130902309
2.01534940831318,3.6,1559.74912038003,0.873639562254422
1.97446052053009,3.6,1565.45947206829,0.852874647024411
1.93491389575026,3.6,1570.85637811781,0.833249534117061
1.89672629410606,3.6,1575.95782190271,0.814698829444707
1.85982576680509,3.6,1580.79079731596,0.797124373396532
1.82414229018503,3.6,1585.37916304613,0.780439407104982
1.78968143115532,3.6,1589.73492634491,0.764600267836684
1.75634789730609,3.6,1593.881142012,0.749523119956383
1.72414427565008,3.6,1597.82703905901,0.735174403421792
1.69300183636277,3.6,1601.58942946037,0.721492983780489
1.66285602907445,3.6,1605.18334482419,0.708424200639323
1.63370816429533,3.6,1608.61503000993,0.695945345418463
1.60547579780953,3.6,1611.89983846847,0.684000587387388
1.57816045893124,3.6,1615.04258053769,0.672572434408427
1.55170412547577,3.6,1618.05439392781,0.661620385717084
1.5260528145121,3.6,1620.94532652746,0.651107903536547
1.50120903578033,3.6,1623.71860568456,0.641023252056165
1.47710427523378,3.6,1626.38502173403,0.631327193694441
1.45374184749735,3.6,1628.94702247255,0.622010827372553
1.43107435276503,3.6,1631.41235920053,0.613045966543529
1.40905778658797,3.6,1633.7880751982,0.604406999279291
1.38769665281189,3.6,1636.07574132965,0.596088213346745
1.36693441552616,3.6,1638.28327479347,0.588060818932829
1.34677629392999,3.6,1640.41180732896,0.580320700621968
1.32718376281953,3.6,1642.46695459689,0.572847437829508
1.308121040556,3.6,1644.45384960267,0.565622365081209
1.28959425878714,3.6,1646.37312381485,0.55864318612782
1.27155655130745,3.6,1648.23079357452,0.551888023365407
1.25401454659984,3.6,1650.02723729743,0.545355500736643
1.23693676947319,3.6,1651.76666123567,0.539030322779389
1.22029394235302,3.6,1653.45292934091,0.532898438760366
1.2040932811596,3.6,1655.08612990927,0.526959527602667
1.18829559014816,3.6,1656.67096899979,0.521196476364416
1.17290838194594,3.6,1658.20738767258,0.515609499372432
1.15790570494685,3.6,1659.69862598483,0.510186814600621
1.14326337305645,3.6,1661.14767310088,0.504917552360469
1.12898922139233,3.6,1662.55430141574,0.499802540306429
1.11505013413852,3.6,1663.92228208328,0.494828065151743
1.10145409126698,3.6,1665.25130233361,0.489995264241419
1.08817947030452,3.6,1666.54391810951,0.485294843238149
1.07520607806382,3.6,1667.80249628134,0.48071819534061
1.06254202476756,3.6,1669.02662754774,0.476266808917337
1.05015904354318,3.6,1670.2193961143,0.471929468675282
1.03806528290181,3.6,1671.38034479449,0.467707837110959
1.02623413708272,3.6,1672.51233370441,0.463591513802163
1.01467376069742,3.6,1673.61486822601,0.459582297359982
1.003367106689,3.6,1674.68984498935,0.455673290947834
0.992298208462758,3.6,1675.73902833307,0.451858078788844
0.981475180109844,3.6,1676.7618831405,0.448138606761851
0.97087500329468,3.6,1677.7608043507,0.444506165997471
0.960505738093187,3.6,1678.73523816967,0.440962770292121
0.950352825104667,3.6,1679.68674890948,0.437502731238291
0.940402600206627,3.6,1680.61679594354,0.434120742023534
0.930663010771866,3.6,1681.52480712823,0.430818883170093
0.921113966481139,3.6,1682.41281625222,0.427589759082839
0.911763322713033,3.6,1683.28024408806,0.424435476043449
0.902598528090904,3.6,1684.12839984919,0.421351273275695
0.893607780182371,3.6,1684.95850811203,0.418332697774459
0.884798777208402,3.6,1685.76998500017,0.415381872726684
0.876153842874406,3.6,1686.56457878564,0.412492440779522
0.867680560760093,3.6,1687.34170566899,0.409666524840053
3.16623814415421,3.8,1379.02929096252,1.89443894195446
3.1701323303284,3.8,1408.93119395957,1.78570474923795
3.15119929971145,3.8,1435.3325656045,1.68969976143822
3.11678981321388,3.8,1458.78227635745,1.60442808597292
3.07193812084018,3.8,1479.77765576627,1.52808125175905
3.02027092040745,3.8,1498.65907690517,1.45942153852667
2.96427822615766,3.8,1515.74218433228,1.39730114788261
2.90571089419415,3.8,1531.28286260586,1.34078959052414
2.84593496036714,3.8,1545.46149151976,1.28923093992813
2.78578160764295,3.8,1558.46750326017,1.2419363517812
2.72599000212207,3.8,1570.42409022674,1.19845785372095
2.66697838640826,3.8,1581.46095622054,1.15832379556167
2.6090275892068,3.8,1591.68736008285,1.121136872426
2.55244060474634,3.8,1601.17625832159,1.08663178792148
2.49728071861687,3.8,1610.01690415633,1.0544839848861
2.44371604984753,3.8,1618.26207603909,1.02450154167604
2.39175444738723,3.8,1625.97533399864,0.996453330914062
2.34137828685146,3.8,1633.21157439165,0.970139729484902
2.29265589456531,3.8,1640.00425227984,0.945439082618793
2.24549733457144,3.8,1646.40184929013,0.922175093490426
2.19993903676371,3.8,1652.42944273884,0.900256571858746
2.15587628508002,3.8,1658.12617690223,0.879541174900981
2.11332775361842,3.8,1663.51103423073,0.85995987552463
2.07221327721208,3.8,1668.61250827805,0.84140906080709
2.03245483566934,3.8,1673.45578321546,0.823797151943798
1.994058631627,3.8,1678.05353336417,0.807078060493934
1.9569184905172,3.8,1682.4300943461,0.791163293286949
1.92103729478319,3.8,1686.59520789572,0.776017425833758
1.88633846582419,3.8,1690.56661998604,0.761575927323503
1.85275008177762,3.8,1694.36019731452,0.747781100674484
1.82027360281075,3.8,1697.98253167725,0.734608975719125
1.78881716978182,3.8,1701.4498294946,0.722000620019659
1.75838248664891,3.8,1704.76716834544,0.709937569652969
1.72890490523709,3.8,1707.94630470167,0.698377073812116
1.70032427789794,3.8,1710.99784466797,0.687280564843762
1.67264340097765,3.8,1713.92519488936,0.676635654947819
1.64578593629462,3.8,1716.7397451638,0.66640092667712
1.61975557699569,3.8,1719.44407927668,0.656566984448453
1.59449951033407,3.8,1722.04637915622,0.647104075795577
1.56996870666148,3.8,1724.55407937598,0.637985165905541
1.54616818415169,3.8,1726.96883807029,0.629204225198966
1.52303495063273,3.8,1729.2990122821,0.620730864428733
1.5005748213234,3.8,1731.54579662512,0.612560739545042
1.47874487153674,3.8,1733.71511874126,0.604672295486343
1.45750523345917,3.8,1735.81239680292,0.59704582980758
1.43686273895744,3.8,1737.83829736023,0.589678918690112
1.41676516982112,3.8,1739.79917099543,0.582548469107562
1.39721991148949,3.8,1741.69541714739,0.575653028554974
1.37819189438233,3.8,1743.53147574887,0.568976451822324
1.35964849749843,3.8,1745.3114254155,0.562503907580017
1.34159776079835,3.8,1747.03535934878,0.556235056913543
1.32399601248005,3.8,1748.70824505543,0.550151836162079
1.30685162309424,3.8,1750.33002032116,0.54425447155943
1.2901356774255,3.8,1751.90410520631,0.538530526522515
1.27382122738712,3.8,1753.43365493992,0.53296852749123
1.25791700284777,3.8,1754.91842927227,0.52756934810084
1.24238610624707,3.8,1756.36240886578,0.522318513215361
1.22723742885007,3.8,1757.76526357447,0.517217223365569
1.21244687895055,3.8,1759.12969133792,0.512255667862121
1.19799195734903,3.8,1760.45819051929,0.507424761748037
1.1838817004356,3.8,1761.75032907827,0.502726076079037
1.17008461333066,3.8,1763.0093625652,0.498147772490205
1.15660977508517,3.8,1764.23480839429,0.493691605838969
1.14342754162625,3.8,1765.42968557698,0.489346597901908
1.13054699880188,3.8,1766.59347201644,0.485114647212943
1.11794915282336,3.8,1767.72816971108,0.48098847377791
1.1056162137503,3.8,1768.83564101834,0.476961305387854
1.09355722228301,3.8,1769.91532109285,0.473035196026021
1.08174653144883,3.8,1770.96973792584,0.469200952996939
1.07019312176445,3.8,1771.99830695698,0.465460701974633
1.05888077118156,3.8,1773.00267940455,0.461808438528919
1.04779425516862,3.8,1773.98439571828,0.458238561024456
1.03694242866877,3.8,1774.94285196879,0.454753265568067
1.02630290709793,3.8,1775.88019493301,0.451344745698172
1.01588444289952,3.8,1776.79581320416,0.448015224712158
1.00567305136066,3.8,1777.6910887298,0.444759677346196
0.995655582240349,3.8,1778.56731411836,0.441573403205998
0.985840612877375,3.8,1779.42387305583,0.438458643433337
0.976208448387956,3.8,1780.2626109405,0.435408687489108
0.966767538377871,3.8,1781.08291153959,0.432425776219674
3.50829711263666,4,1451.60977996063,1.99414625468869
3.51261200036428,4,1483.08546732595,1.87968920972386
3.49163357308789,4,1510.87638484693,1.77863132782941
3.45350671824294,4,1535.56029090267,1.68887166944489
3.40380955217786,4,1557.66069028036,1.60850658079868
3.34656057662913,4,1577.53587042657,1.53623319844883
3.28451881014733,4,1595.51808877091,1.47084331356037
3.21962425949523,4,1611.87669747994,1.41135746370934
3.15339053780324,4,1626.80157002089,1.35708519992403
3.08673862342744,4,1640.49210869501,1.30730142292728
3.02048753697766,4,1653.07798971244,1.26153458286384
2.95510070516183,4,1664.69574339013,1.21928820585408
2.89088929552028,4,1675.46037903467,1.18014407623756
2.82818903573032,4,1685.44869297019,1.14382293465386
2.76707004832924,4,1694.75463595412,1.10998314198503
2.70771861478981,4,1703.43376425177,1.07842267544812
2.65014343200828,4,1711.55298315655,1.04889824306709
2.59432497158082,4,1719.17007830709,1.02119971524694
2.54033894134688,4,1726.32026555782,0.995199034335238
2.48808568927608,4,1733.05457820023,0.970710624726431
2.43760558090188,4,1739.3994134094,0.94763849669312
2.38878258734654,4,1745.39597568665,0.925832815684941
2.34163740013146,4,1751.06424655876,0.905220921604523
2.29608119358703,4,1756.43421924015,0.885693748217658
2.25202751874743,4,1761.53240338478,0.867154896782623
2.20948324834039,4,1766.37214038343,0.849555853151195
2.1683307374154,4,1770.97904668019,0.832803466617505
2.12857317981538,4,1775.36337673243,0.816860448245725
2.09012572390512,4,1779.54381051172,0.801658870866517
2.05290867787014,4,1783.53704980485,0.787138000709644
2.01692365962431,4,1787.35003334456,0.773272606019787
1.98206888618504,4,1790.99982052072,0.760000652651931
1.94834624559456,4,1794.49175615319,0.74730270489753
1.91568410552607,4,1797.83821547554,0.735133761907149
1.88401582038573,4,1801.05036280848,0.723453226150978
1.8533444886181,4,1804.13178409415,0.712248057839473
1.82358552498037,4,1807.09446859357,0.70147465965978
1.79474302160205,4,1809.94113608081,0.691123141524333
1.76675846020414,4,1812.68039911191,0.681162185047644
1.73957751430653,4,1815.32008355376,0.671563332531811
1.71320574421258,4,1817.86193481093,0.662320237051206
1.68757335250181,4,1820.31474977073,0.653400909924637
1.66268678262998,4,1822.67978592127,0.644800778468136
1.63849847261706,4,1824.96328288564,0.636497153143159
1.61496424760036,4,1827.17094400317,0.62846929453395
1.59209167751535,4,1829.3034709056,0.620714651252403
1.56982290284905,4,1831.36754841634,0.613208914849718
1.54816610691373,4,1833.36359699735,0.605950556373306
1.52708243144872,4,1835.29629026206,0.59892258086524
1.50653573130036,4,1837.1699214901,0.592109376399669
1.48653491501218,4,1838.98458878829,0.585510586224439
1.46703159277583,4,1840.74552111108,0.579107195959723
1.44803503943975,4,1842.45265296974,0.572899443746407
1.42951321598408,4,1844.10958442779,0.566874238444408
1.41143626303296,4,1845.71963677896,0.561019502621991
1.39381385357108,4,1847.2825571288,0.555336155895271
1.37660510387502,4,1848.80253564829,0.549808961278979
1.359819865762,4,1850.27922481533,0.544439182489719
1.3434314448207,4,1851.71546456633,0.539216492486093
1.3274149111902,4,1853.11388475725,0.534131328155483
1.3117802774911,4,1854.4740306088,0.529185343240737
1.29649264634989,4,1855.79932901609,0.524366076305128
1.28156207765683,4,1857.08927199408,0.519675374566998
1.26695572479376,4,1858.34703744955,0.515101682001653
1.25268365518227,4,1859.57207580688,0.510646997065903
1.23872482307311,4,1860.76649443282,0.506303656607965
1.22505951662096,4,1861.93225370362,0.502064531986864
1.2116977532223,4,1863.0687590452,0.497931785290191
1.19861111517888,4,1864.17867150099,0.493895739996426
1.18580955320173,4,1865.26137574429,0.489958633657164
1.17327509272207,4,1866.31860989962,0.486114145819567
1.16099086445288,4,1867.35199549302,0.482356380025398
1.14896667996552,4,1868.36089680935,0.478687647966022
1.13717773639672,4,1869.34757361379,0.475099732313505
1.12563373174474,4,1870.31138232027,0.471594973380866
1.11431917048284,4,1871.25377761042,0.468168081416678
1.10321948170687,4,1872.17612012468,0.464814108637537
1.09234416939333,4,1873.0777611115,0.46153541414001
1.0816714109563,4,1873.96064309536,0.458324934198714
1.07121056883986,4,1874.8241174102,0.45518502759931
3.86789756668222,4.2,1524.19026895873,2.09385356742283
3.87265473040192,4.2,1557.23974069231,1.97367367020978
3.84952601432972,4.2,1586.42020408934,1.86756289422059
3.8074911568631,4.2,1612.33830544787,1.77331525291683
3.75270003127642,4.2,1635.54372479446,1.68893190983837
3.68958303573396,4.2,1656.41266394798,1.61304485837103
3.62118198818777,4.2,1675.29399320953,1.54438547923809
3.54963574609382,4.2,1692.47053235402,1.48192533689449
3.47661306792842,4.2,1708.14164852202,1.42493945991996
3.40312933232906,4.2,1722.51671412984,1.37266649407332
3.33008750951821,4.2,1735.73188919815,1.32461131200676
3.25799852744123,4.2,1747.93053055972,1.28025261614649
3.18720544831143,4.2,1759.23339798649,1.23915128004916
3.11807841189297,4.2,1769.72112761878,1.20101408138628
3.05069472828329,4.2,1779.49236775191,1.165482299084
2.98525977280602,4.2,1788.60545246444,1.13234380922024
2.92178313378941,4.2,1797.13063231447,1.10134315522015
2.86024328116815,4.2,1805.12858222253,1.07225970100901
2.8007236828352,4.2,1812.63627883579,1.04495898605168
2.74311447242716,4.2,1819.70730711033,1.01924615596247
2.68746015294457,4.2,1826.36938407996,0.995020421527455
2.6336328025498,4.2,1832.66577447107,0.972124456468861
2.58165523364518,4.2,1838.61745888678,0.950481967684456
2.53142951592995,4.2,1844.25593020224,0.929978435628226
2.48286033941929,4.2,1849.60902355411,0.91051264162141
2.43595528129551,4.2,1854.69074740269,0.892033645808425
2.3905846380007,4.2,1859.52799901429,0.874443639948052
2.34675193074667,4.2,1864.13154556914,0.857703470657701
2.30436361060561,4.2,1868.52100103739,0.841741814409501
2.26333181735204,4.2,1872.71390229518,0.826494900744814
2.223658334736,4.2,1876.71753501188,0.811936236320468
2.18523094701922,4.2,1880.54981154685,0.798000685284203
2.1480517357682,4.2,1884.21634396093,0.784667840142072
2.11204172634269,4.2,1887.7301262494,0.771890450002182
2.07712744197546,4.2,1891.102880949,0.759625887458213
2.04331229870165,4.2,1894.33837329895,0.747860460731127
2.01050304129105,4.2,1897.44919202333,0.736548392642439
1.97870418131645,4.2,1900.43819288494,0.725679298600233
1.94785120237524,4.2,1903.31441906759,0.715220294299692
1.91788420952313,4.2,1906.08608773153,0.705141499158081
1.88880933299455,4.2,1908.75503155156,0.695436248903447
1.86054962113342,4.2,1911.33048725935,0.686070955420541
1.83311217784972,4.2,1913.81377521742,0.677040817391211
1.80644456606048,4.2,1916.21144703001,0.668322010799994
1.78049808297956,4.2,1918.52949120342,0.659892759260321
1.75528107446083,4.2,1920.76864445097,0.651750383814695
1.73072975039124,4.2,1922.93592583724,0.643869360591873
1.70685313287254,4.2,1925.0317768473,0.636248084191638
1.68360838067237,4.2,1927.06110477525,0.628868709908175
1.6609556437588,4.2,1929.02841756469,0.621714845219321
1.63890474380107,4.2,1930.93381822779,0.614786115535336
1.61740233103551,4.2,1932.78279716672,0.608062555757386
1.59645863098247,4.2,1934.57528561832,0.601544415933405
1.57603832062259,4.2,1936.31506364927,0.595217950366302
1.55610847999399,4.2,1938.00561861799,0.589070477752771
1.53667977356226,4.2,1939.64668498533,0.583102963689721
1.51770712702235,4.2,1941.24266243079,0.577299409342598
1.49920140200274,4.2,1942.79318605619,0.57166114161389
1.48113316791496,4.2,1944.30123779474,0.566177317110065
1.46347493958733,4.2,1945.7695789952,0.56083789456293
1.44623775593407,4.2,1947.19773213933,0.555644610402437
1.42938314260089,4.2,1948.58929546699,0.550584380120051
1.41292219061679,4.2,1949.94373559388,0.545659143295007
1.39681868658526,4.2,1951.26438932212,0.540856766101398
1.38108372983858,4.2,1952.55067959732,0.536179346918864
1.36569411743823,4.2,1953.80481915455,0.531618839438021
1.35062811707473,4.2,1955.02886638889,0.527167758585873
1.33589677292771,4.2,1956.22219699756,0.522828374554361
1.32146875448484,4.2,1957.38760507613,0.518590526995914
1.30735503240502,4.2,1958.52444453159,0.514456565339696
1.2935357897262,4.2,1959.6345403947,0.510419853110215
1.27999242805942,4.2,1960.71959526777,0.506474199026321
1.26673576466211,4.2,1961.77894164991,0.502622030363997
1.2537384543775,4.2,1962.81495229457,0.498854718928857
1.24101118924869,4.2,1963.82695143637,0.495174722049575
1.22853688545745,4.2,1964.81646649103,0.491576485487179
1.21629947858194,4.2,1965.78492613101,0.488054814069076
1.20430944675626,4.2,1966.73164916717,0.484612184846683
1.19254273057943,4.2,1967.65867525022,0.4812411809083
1.18100965214605,4.2,1968.5653232808,0.477944278978946
4.24503950629111,4.4,1596.77075795684,2.19356088015698
4.25026052044164,4.4,1631.39401405869,2.06765813069578
4.22487662343706,4.4,1661.96402333177,1.95649446061186
4.17874312907463,4.4,1689.11631999309,1.85775883638885
4.11860955813601,4.4,1713.42675930856,1.76935723887804
4.04933829772201,4.4,1735.2894574694,1.68985651829313
3.97426776027898,4.4,1755.06989764816,1.61792764491585
3.89574535398996,4.4,1773.06436722809,1.55249321007969
3.81560255074261,4.4,1789.48172702314,1.49279371991585
3.73495373434785,4.4,1804.54131956467,1.43803156521941
3.65478991974363,4.4,1818.38578868385,1.38768804114964
3.57567185324647,4.4,1831.16531772931,1.34121702643889
3.49797604758021,4.4,1843.0064169383,1.29815848386073
3.42210873323431,4.4,1853.99356226737,1.25820522811866
3.34815475847897,4.4,1864.2300995497,1.22098145618293
3.27633952389626,4.4,1873.77714067711,1.18626494299232
3.20667355273063,4.4,1882.70828147238,1.15378806737318
3.13913321561338,4.4,1891.08708613797,1.12331968677104
3.07381011903028,4.4,1898.95229211377,1.09471893776813
3.0105836840246,4.4,1906.36003602043,1.06778168719848
2.9495027528918,4.4,1913.33935475051,1.04240234636179
2.89042693068984,4.4,1919.93557325549,1.01841609725278
2.83338125415958,4.4,1926.17067121481,0.995743013764349
2.77825824424081,4.4,1932.07764116434,0.974263123038793
2.72495329768489,4.4,1937.68564372344,0.953870386460235
2.67347473049235,4.4,1943.00935442195,0.934511438465656
2.62368019227311,4.4,1948.07695134839,0.916083813278598
2.57557354757708,4.4,1952.89971440585,0.898546493069648
2.52905212592565,4.4,1957.49819156306,0.881824757952535
2.48401950022332,4.4,1961.89075478551,0.865851800779955
2.44047762814584,4.4,1966.08503667919,0.85059986662114
2.39830335228433,4.4,1970.09980257297,0.836000717916485
2.35749895716984,4.4,1973.94093176868,0.822032975386634
2.31797776768695,4.4,1977.62203702327,0.808647138097215
2.27965914266714,4.4,1981.15539908951,0.795798548765448
2.24254683122829,4.4,1984.54496250374,0.783472863622761
2.20653848522664,4.4,1987.8039154531,0.771622125625098
2.17163905613887,4.4,1990.93524968907,0.760235455676113
2.13777773684739,4.4,1993.94843902327,0.74927840355174
2.10488879231128,4.4,1996.85209190931,0.738719665784331
2.07297895049759,4.4,1999.64812829219,0.728552260755668
2.04196375652756,4.4,2002.34622474798,0.718741000916446
2.01185100698264,4.4,2004.94776451357,0.709280856314285
1.98258315186699,4.4,2007.45961117438,0.700146868456809
1.95410673959678,4.4,2009.88803840366,0.691316223986672
1.9264309297939,4.4,2012.23381799633,0.682786116376967
1.89948571244769,4.4,2014.50430325815,0.674529806334008
1.87328098936594,4.4,2016.69995669726,0.666545612009969
1.84776974205328,4.4,2018.82591928845,0.658814838951111
1.82290823487375,4.4,2020.88691363929,0.651320314038953
1.79870724716505,4.4,2022.88304766729,0.644061644846212
1.77510822725907,4.4,2024.82007322237,0.63701791555503
1.75212239772241,4.4,2026.6979182669,0.630189388120383
1.72971099134104,4.4,2028.52054287075,0.623561662288176
1.70783787827019,4.4,2030.29160045703,0.617121452883532
1.68651476282131,4.4,2032.01081284186,0.610869771484132
1.66569217568906,4.4,2033.6827892133,0.604789857406196
1.6453820375723,4.4,2035.30714729704,0.59888310073804
1.62555204823333,4.4,2036.88701102314,0.593138141734038
1.60617204254042,4.4,2038.42527323315,0.587544460970357
1.58725413576451,4.4,2039.92143366986,0.582103877564138
1.56875610208365,4.4,2041.37926191788,0.576802683934973
1.55069011396504,4.4,2042.79819919367,0.571642912023016
1.53301642700073,4.4,2044.18174119469,0.566611850201143
1.51574722277081,4.4,2045.52928338775,0.561711696771825
1.49885703591873,4.4,2046.84314387628,0.556934022268077
1.48232201511162,4.4,2048.12547907416,0.552270985184883
1.46615428139924,4.4,2049.3756349499,0.547724963818531
1.4503194493667,4.4,2050.59653865127,0.543285313995402
1.43482955937434,4.4,2051.7875133189,0.538954497022207
1.41966286219396,4.4,2052.95047088977,0.534725560400842
1.40479894598824,4.4,2054.08719504251,0.530592018027243
1.39024968275853,4.4,2055.19698649046,0.526556412761951
1.37598506104028,4.4,2056.28233097535,0.52260970554419
1.36201681541137,4.4,2057.34252055248,0.518754470718264
1.34832619628448,4.4,2058.37915537164,0.51498488955768
1.33489557286555,4.4,2059.39373213733,0.511295519500616
1.32173644496616,4.4,2060.38553722284,0.507688955553336
1.30882240725735,4.4,2061.35670740508,0.504157427617906
1.29616478829646,4.4,2062.3065291514,0.500703530358562
4.6397229314631,4.6,1669.35124695494,2.29326819289121
4.64542937048298,4.6,1705.54828742505,2.16164259118169
4.61768540040986,4.6,1737.50784257418,2.04542602700304
4.56726263487738,4.6,1765.89433453829,1.9422024198608
4.50153813275633,4.6,1791.30979382265,1.84978256791763
4.42582636259318,4.6,1814.1662509908,1.76666817821533
4.34377612642097,4.6,1834.84580208678,1.69146981059352
4.25795308318356,4.6,1853.65820210217,1.62306108326488
4.17035898624589,4.6,1870.82180552427,1.56064797991178
4.08221182948385,4.6,1886.5659249995,1.50339663636545
3.99459476765402,4.6,1901.03968816956,1.45076477029252
3.90812068257755,4.6,1914.4001048989,1.4021814367313
3.82320109332657,4.6,1926.77943589012,1.35716568767229
3.74027999975433,4.6,1938.26599691597,1.31539637485104
3.65945013891636,4.6,1948.96783134749,1.27648061328186
3.58095786806043,4.6,1958.94882888979,1.24018607676444
3.50481468883189,4.6,1968.28593063029,1.20623297952624
3.43099477491654,4.6,1977.04559005341,1.17437967253308
3.35959824993212,4.6,1985.26830539175,1.14447888948457
3.29049332406847,4.6,1993.01276493052,1.11631721843448
3.22373338074355,4.6,2000.30932542107,1.08978427119612
3.15916497176661,4.6,2007.20537203991,1.0647077380367
3.09681546167465,4.6,2013.72388354283,1.04100405984428
3.03656737851963,4.6,2019.89935212643,1.01854781044936
2.97830639354424,4.6,2025.76226389276,0.997228131299061
2.92204159593092,4.6,2031.32796144121,0.976989231122886
2.86761740023262,4.6,2036.62590368248,0.957723986609184
2.81503803030657,4.6,2041.66788324256,0.939389515481634
2.76419126986524,4.6,2046.47538208874,0.921907701495529
2.71497172648396,4.6,2051.06760727584,0.905208700815136
2.66738153985383,4.6,2055.45253834651,0.889263496921782
2.62128610198039,4.6,2059.6497935991,0.874000750548757
2.57668790979948,4.6,2063.66551957643,0.859398110631186
2.53349222955887,4.6,2067.51394779713,0.845403826192238
2.49161092246076,4.6,2071.20791723002,0.831971210072653
2.45104808619806,4.6,2074.75155170854,0.819085266514415
2.41169185678717,4.6,2078.15863888287,0.806695858607757
2.37354764606934,4.6,2081.4323064932,0.794791612752013
2.33653806362056,4.6,2084.58245897896,0.783336512803787
2.30059126267098,4.6,2087.61809608709,0.772297832410601
2.26571459672171,4.6,2090.54122503283,0.761668272607888
2.23181575868422,4.6,2093.3619622366,0.75141104641235
2.19890327002871,4.6,2096.08175380973,0.741520895237359
2.16691423003662,4.6,2098.70777531875,0.731971726113645
2.13579021745202,4.6,2101.24658560391,0.722739688713043
2.10554124351458,4.6,2103.6989915417,0.713821848939258
2.0760907890184,4.6,2106.07268067905,0.705190252076163
2.04744967639393,4.6,2108.36813654722,0.696843139828301
2.01956651559145,4.6,2110.59073380164,0.688760967994046
1.99239350464524,4.6,2112.74540971388,0.680925782858605
1.9659424251041,4.6,2114.8322771068,0.673337174157108
1.94014928144653,4.6,2116.85734927801,0.665973275352693
1.91502633965956,4.6,2118.82055091547,0.658834360307381
1.89053122813943,4.6,2120.72602209223,0.65190537421007
1.86662445786157,4.6,2122.57758229607,0.645172428014293
1.84331882134822,4.6,2124.3749406984,0.638636579278563
1.82056024987518,4.6,2126.1229159958,0.632280305469815
1.7983617724707,4.6,2127.8211085379,0.62610505986219
1.77668808577582,4.6,2129.47278425155,0.620098966358009
1.75550622004948,4.6,2131.08096747111,0.614251027377803
1.73482941698242,4.6,2132.6451352004,0.608563144725838
1.71461152479817,4.6,2134.16922836878,0.603020987749896
1.69486584770159,4.6,2135.65266279347,0.597626680751026
1.67554894604018,4.6,2137.09909306726,0.592366934300888
1.65667413397898,4.6,2138.50788717819,0.587244046624785
1.6382135785146,4.6,2139.88146859801,0.582249205098152
1.62014121073163,4.6,2141.22209175943,0.577374211783872
1.6024702786369,4.6,2142.52907290226,0.5726215530827
1.58516319982448,4.6,2143.80547222641,0.56798010099489
1.56823313410968,4.6,2145.0505821062,0.563452428704719
1.55165631012533,4.6,2146.26640138484,0.55903126769149
1.53541041823933,4.6,2147.45479481725,0.554709837028185
1.51950843425479,4.6,2148.61503133102,0.550490795159925
1.50391755638505,4.6,2149.74970965613,0.546364692159522
1.48865061023279,4.6,2150.85808966858,0.542334219386973
1.47368710296394,4.6,2151.94184425226,0.538393293628162
1.45900776455771,4.6,2153.00253814366,0.534536224932155
1.44462516402305,4.6,2154.0394252785,0.530765726259989
1.43051044099007,4.6,2155.05473955994,0.527073674327492
1.41667597729108,4.6,2156.047735022,0.523462781738178
5.05194784219843,4.8,1741.93173595305,2.39297550562535
5.0581612805263,4.8,1779.70256079143,2.25562705166761
5.02795234524826,4.8,1813.05166181661,2.13435759339423
4.97304967427138,4.8,1842.67234908351,2.02664600333274
4.90148575513771,4.8,1869.19282833676,1.9302078969573
4.81904723034757,4.8,1893.04304451221,1.84347983813745
4.72970708661377,4.8,1914.62170652541,1.76501197627128
4.63625893367473,4.8,1934.25203697626,1.69362895645006
4.54088237443823,4.8,1952.1618840254,1.62850223990771
4.44490361773698,4.8,1968.59053043433,1.56876170751154
4.34950205324929,4.8,1983.69358765526,1.51384149943544
4.25534501543448,4.8,1997.63489206849,1.46314584702371
4.16288058555061,4.8,2010.55245484194,1.41617289148386
4.07259221145303,4.8,2022.53843156456,1.37258752158341
3.98458086959543,4.8,2033.70556314528,1.33197977038083
3.89911480529861,4.8,2044.12051710246,1.29410721053652
3.81620654209322,4.8,2053.86357978821,1.25867789167927
3.73582795907762,4.8,2063.00409396885,1.22543965829511
3.65808807554071,4.8,2071.58431866972,1.19423884120102
3.58284339255875,4.8,2079.66549384062,1.16485274967049
3.51015203649987,4.8,2087.27929609163,1.13716619603046
3.43984692578014,4.8,2094.47517082433,1.11099937882066
3.37195785619043,4.8,2101.27709587086,1.08626510592417
3.30635691876642,4.8,2107.72106308853,1.06283249785993
3.24291962699738,4.8,2113.83888406209,1.04058587613785
3.18165587761121,4.8,2119.64656846047,1.01946702378012
3.12239626187922,4.8,2125.17485601658,0.99936415993973
3.06514537893517,4.8,2130.43605207927,0.980232537893581
3.00978104242437,4.8,2135.45257261441,0.961990645038523
2.95618849613398,4.8,2140.24445976617,0.944565600850276
2.90437006985995,4.8,2144.82004001383,0.927927127222463
2.8541791961074,4.8,2149.19978462522,0.912000783181029
2.80561859365709,4.8,2153.39010738418,0.896763245875747
2.75858511195845,4.8,2157.405858571,0.88216051428729
2.71298278135634,4.8,2161.26043537054,0.868143871379868
2.66881606361094,4.8,2164.95814091334,0.854697669406039
2.6259631559726,4.8,2168.51336231264,0.841769591590446
2.58442995110781,4.8,2171.92936329733,0.829347769827902
2.5441321826948,4.8,2175.21647893465,0.817394622055855
2.50499162060223,4.8,2178.38410026487,0.805875999036871
2.46701627166694,4.8,2181.43432177347,0.794784284460129
2.43010562760341,4.8,2184.37769972524,0.784081091908254
2.39426896698795,4.8,2187.21574310588,0.773760934160433
2.35943780056934,4.8,2189.95593946312,0.76379658377048
2.32554851654528,4.8,2192.60513280416,0.754163153439414
2.29261201562285,4.8,2195.16416508708,0.744857581501549
2.26054498010338,4.8,2197.64105809996,0.735850697818318
2.2293591939565,4.8,2200.03631639718,0.727140667646633
2.19899870128688,4.8,2202.35554831484,0.718707097036961
2.16941145307323,4.8,2204.60390578848,0.710531251678257
2.14061027761824,4.8,2206.7815065463,0.702612703467985
2.11252549359789,4.8,2208.89462533366,0.694928635150337
2.08517045679392,4.8,2210.94318356405,0.687479332494358
2.05849903101775,4.8,2212.93150131372,0.680249086131943
2.03246821876813,4.8,2214.86356413511,0.673223403145054
2.00709194914301,4.8,2216.73906855493,0.666403387072994
1.98231134958068,4.8,2218.56304277831,0.659770753533433
1.95814060669792,4.8,2220.33506977876,0.653327018986341
1.93454128054244,4.8,2222.05855747996,0.647059790981982
1.91147747211451,4.8,2223.73666170906,0.64095759378523
1.8889635995878,4.8,2225.36883673093,0.635022411887538
1.86694941074446,4.8,2226.95919481968,0.629239291564819
1.84544939182644,4.8,2228.50712639327,0.623610449479035
1.82441624370362,4.8,2230.01644493983,0.618122018400633
1.80386446346306,4.8,2231.48649096862,0.612776396477746
1.78376374522586,4.8,2232.91979331974,0.607564387928208
1.76408570393476,4.8,2234.31870444471,0.602477438382882
1.74484476464068,4.8,2235.68251085461,0.59751814234687
1.72600000585816,4.8,2237.01440580155,0.592674887994357
1.70756575661104,4.8,2238.31365089351,0.58795036038725
1.68951613352034,4.8,2239.58233187992,0.583336974982138
1.6718268448127,4.8,2240.82239459199,0.578827656029107
1.65451201915089,4.8,2242.03307617158,0.57442517755788
1.63753594041182,4.8,2243.21708833692,0.570119678774855
1.62091257371295,4.8,2244.37365878469,0.565913968055681
1.60461960549582,4.8,2245.50453313287,0.561801697698663
1.58863605365842,4.8,2246.61134414999,0.557776930363694
1.57297560392691,4.8,2247.69331333417,0.553842496966662
1.55760683177758,4.8,2248.7527717148,0.549989921037098
1.5425432191299,4.8,2249.7889408926,0.546222033117813
5.48171423849685,5,1814.51222495114,2.4926828183595
5.48845625057136,5,1853.85683415779,2.34961151215353
5.4556774579519,5,1888.59548105902,2.22328915978542
5.39610424725663,5,1919.45036362871,2.11108958680468
5.31845242528002,5,1947.07586285084,2.01063322599697
5.22900090098511,5,1971.91983803361,1.92029149805965
5.13206064085721,5,1994.39761096403,1.83855414194904
5.03066290546329,5,2014.84587185033,1.76419682963521
4.92717271531956,5,2033.50196252652,1.69635649990358
4.82302909910726,5,2050.61513586917,1.63412677865762
4.71951177652951,5,2066.34748714097,1.57691822857832
4.61734485181724,5,2080.86967923808,1.52411025731611
4.51701452425228,5,2094.32547379376,1.47518009529546
4.4190453683304,5,2106.81086621315,1.42977866831583
4.32354695051617,5,2118.44329494307,1.38747892747976
4.23081033561077,5,2129.29220531513,1.34802834430864
4.14084911251461,5,2139.44122894612,1.31112280383233
4.05363276809668,5,2148.96259788429,1.27649964405714
3.96927959585607,5,2157.9003319477,1.24399879291746
3.88763388949544,5,2166.31822275072,1.21338828090649
3.80875872016069,5,2174.24926676218,1.18454812086479
3.73247279273046,5,2181.74496960875,1.15729101960458
3.65880843770685,5,2188.83030819888,1.13152615200407
3.58762686498115,5,2195.54277405062,1.1071171852705
3.51879299804426,5,2201.91550423142,1.08394362097667
3.45231757553322,5,2207.96517547973,1.06194481643739
3.38801677721293,5,2213.72380835068,1.04100433327028
3.32589559346285,5,2219.20422091598,1.02107556030557
3.26582144360305,5,2224.42976314009,1.00207358858152
3.20766980917336,5,2229.42131225651,0.983922500885456
3.15144321816423,5,2234.18754168114,0.966590757523145
3.09698263466536,5,2238.74977565135,0.950000815813301
3.04429100874271,5,2243.11469519193,0.93412838112027
2.99325641488566,5,2247.29776934487,0.918917202382303
2.94377471935387,5,2251.31295351105,0.904316532687123
2.89585076346693,5,2255.16473011814,0.890310072297693
2.84935238278297,5,2258.8680857424,0.876843324573086
2.80428597125433,5,2262.42642010146,0.863903926903802
2.76056009407005,5,2265.85049889033,0.851452731307912
2.71808986610503,5,2269.15010444264,0.839454165663131
2.67688397533322,5,2272.3274185141,0.82790029631236
2.63683336328514,5,2275.39343721386,0.816751137404158
2.59794809786038,5,2278.34973240204,0.806000973083527
2.56015386346518,5,2281.2041036075,0.795621441427315
2.52338163687656,5,2283.96368000442,0.785586618165785
2.48764324611871,5,2286.62933863245,0.775893314063841
2.45284828570262,5,2289.20943552087,0.766511143560474
2.41900954205366,5,2291.70449624714,0.757438195464964
2.38606629913957,5,2294.12036282803,0.748653226079897
2.35396208015774,5,2296.46240186308,0.740136720497909
2.32271080470745,5,2298.73073598581,0.731888232778881
2.29223686371315,5,2300.9319013893,0.723883994948
2.2625547491255,5,2303.06581621263,0.716124304681336
2.23361439997601,5,2305.1369805352,0.708592798053837
2.20536916098988,5,2307.14954597415,0.701274378275815
2.17783414620567,5,2309.10319641146,0.694170194867425
2.15094547480557,5,2311.00316956082,0.687261201597031
2.12471854025396,5,2312.84903101962,0.680548978110491
2.09911163253317,5,2314.64433070837,0.674020615605954
2.0740857987355,5,2316.39235594702,0.667664160192676
2.04965668358066,5,2318.09253826146,0.661481679049238
2.02576975992251,5,2319.74916127058,0.655457595379742
2.00244074633958,5,2321.36158999306,0.649594218207064
1.97961831999104,5,2322.9337968124,0.643877102500379
1.95731821122307,5,2324.46509475906,0.638308746330706
1.93550753605249,5,2325.95811804148,0.632879570758264
1.914155494721,5,2327.41531712998,0.627580664981891
1.89327773941058,5,2328.83594880696,0.62241473161104
1.87282986746774,5,2330.22333937669,0.617369674993845
1.85282742687843,5,2331.57671968082,0.612448292069762
1.83324233237896,5,2332.89826237499,0.607642682272766
1.81404822570835,5,2334.18999436674,0.60294547503005
1.79526043744684,5,2335.45112101214,0.598359559955835
1.77684021312058,5,2336.6844670177,0.593874665390188
1.75880270585185,5,2337.8892279008,0.58949371672437
1.74112370388013,5,2339.06722201348,0.585210101769164
1.72378044016767,5,2340.22015015631,0.581017635795233
1.70678776467775,5,2341.34720138984,0.576919267673315
1.69011157961988,5,2342.45080386966,0.572906167746685
1.67376651381294,5,2343.53014676321,0.568981284497429
5.92902212035862,5.2,1887.09271394925,2.59239013109372
5.93631428061839,5.2,1928.01110752417,2.44359597263944
5.90086073852125,5.2,1964.13930030145,2.3122207261766
5.83642635383313,5.2,1996.22837817393,2.19553317027671
5.75243814318325,5.2,2024.95889736495,2.09105855503664
5.65568737450582,5.2,2050.79663155503,1.99710315798177
5.55083678915156,5.2,2074.17351540267,1.91209630762673
5.44116499854947,5.2,2095.43970672441,1.83476470282037
5.32923000888999,5.2,2114.84204102765,1.76421075989952
5.21658827359477,5.2,2132.63974130401,1.69949184980373
5.10462393749466,5.2,2149.00138662668,1.6399949577212
4.99412019172584,5.2,2164.10446640767,1.58507466760852
4.88560290943154,5.2,2178.09849274557,1.53418729910703
4.77963947038646,5.2,2191.08330086175,1.48696981504821
4.67634838167854,5.2,2203.18102674086,1.44297808457873
4.57604445899687,5.2,2214.46389352781,1.40194947808071
4.47874240009607,5.2,2225.01887810403,1.36356771598536
4.38440920197363,5.2,2234.92110179973,1.32755962981918
4.29317281087819,5.2,2244.21634522568,1.29375874463391
4.20486481487853,5.2,2252.97095166082,1.2619238121425
4.11955343172609,5.2,2261.21923743274,1.23193004569913
4.0370425726175,5.2,2269.01476839316,1.2035826603885
3.95736720622399,5.2,2276.38352052691,1.176787198084
3.88037721716388,5.2,2283.36448501272,1.15140187268106
3.8059265066849,5.2,2289.99212440075,1.1273013658155
3.73402668969697,5.2,2296.28378249899,1.10442260909462
3.66447894623373,5.2,2302.27276068478,1.08264450660082
3.59728867388966,5.2,2307.97238975269,1.06191858271751
3.53231247340128,5.2,2313.40695366576,1.04215653212451
3.46941566560211,5.2,2318.59816474684,1.0232794009206
3.40860098476663,5.2,2323.55504334846,1.00525438782379
3.34969641765425,5.2,2328.29976667747,0.988000848445572
3.29270515505632,5.2,2332.83928299967,0.971493516364831
3.23750613834054,5.2,2337.18968011873,0.955673890477356
3.18398673645333,5.2,2341.36547165156,0.940489193994339
3.13215218576601,5.2,2345.37131932293,0.925922475189347
3.08185953721824,5.2,2349.22280917217,0.911917057555765
3.03311570650887,5.2,2352.92347690559,0.898460083979702
2.98582179774635,5.2,2356.48451884601,0.88551084055998
2.93988599917938,5.2,2359.91610862042,0.8730323322894
2.89531770772058,5.2,2363.22051525474,0.8610163081646
2.85199896572937,5.2,2366.40917470249,0.849421182900053
2.80994066264595,5.2,2369.48372169819,0.838241012006592
2.7690624187241,5.2,2372.45226775187,0.827446299084141
2.72928957844586,5.2,2375.32222720467,0.817010082892156
2.69063493500217,5.2,2378.09451217782,0.806929046626133
2.65300070581612,5.2,2380.77781294178,0.797171589302649
2.6164007206854,5.2,2383.3726760971,0.787735723283316
2.58076930914952,5.2,2385.88517734122,0.778599355122832
2.54604538589877,5.2,2388.32089793767,0.76974218931756
2.51224400637172,5.2,2390.67996542532,0.761163762089777
2.47928339179229,5.2,2392.96917744495,0.752839354745644
2.44717921665429,5.2,2395.18844886121,0.744769276868334
2.41587733501419,5.2,2397.34245975668,0.736936509975731
2.3853272845268,5.2,2399.43552781319,0.729325353406596
2.3555454125362,5.2,2401.46732426799,0.721937002661856
2.32646262554984,5.2,2403.44329634332,0.71475164966065
2.29809557313882,5.2,2405.36299226048,0.707770937234641
2.27039914174801,5.2,2407.23010393678,0.700981440229906
2.24333119991245,5.2,2409.04805018497,0.694370726600123
2.21690866896097,5.2,2410.81623979199,0.687940946210938
2.19107257233232,5.2,2412.53912772147,0.681675899194645
2.16583991124103,5.2,2414.21605359286,0.675577986935073
2.14115517490244,5.2,2415.85114868497,0.669632186600124
2.117035377259,5.2,2417.4436985495,0.663841096183667
2.09344495099451,5.2,2418.99644276321,0.658194753588339
2.07035058309036,5.2,2420.51192981525,0.652683891580901
2.04776920294661,5.2,2421.98938675932,0.64731132087523
2.02565278465323,5.2,2423.43227295184,0.642064461993333
2.00401814491183,5.2,2424.83978846812,0.636946223752294
1.98283490670121,5.2,2426.21419287006,0.631948389563413
1.96207456092627,5.2,2427.55759414148,0.627063294030972
1.94175368914261,5.2,2428.86916585271,0.622293942353809
1.92183037451133,5.2,2430.15184569848,0.61762965200554
1.90232100664947,5.2,2431.4047970169,0.613073465393079
1.88319939811686,5.2,2432.6299108941,0.608618505839665
1.86444092408547,5.2,2433.82895616264,0.604258341226773
1.84606164627557,5.2,2435.00108944551,0.599996038379968
1.82802468451698,5.2,2436.14883602452,0.59582241445629
1.81034586134019,5.2,2437.27135263381,0.591740535877065
6.39387148778347,5.4,1959.67320294735,2.69209744382787
6.40173537066715,5.4,2002.16538089054,2.53758043312536
6.36350218695596,5.4,2039.68311954387,2.40115229256779
6.29401599400088,5.4,2073.00639271913,2.27997675374865
6.20344290884728,5.4,2102.84193187904,2.17148388407631
6.09910665090971,5.4,2129.67342507643,2.07391481790397
5.98603553149655,5.4,2153.94941984128,1.98563847330449
5.86776521293308,5.4,2176.03354159848,1.90533257600552
5.74705425514936,5.4,2196.18211952877,1.83206501989545
5.6255811411994,5.4,2214.66434673883,1.76485692094977
5.50483853614468,5.4,2231.65528611238,1.7030716868641
5.38567103516028,5.4,2247.33925357726,1.64603907790091
5.26864574108847,5.4,2261.87151169739,1.59319450291859
5.1543745176212,5.4,2275.35573551034,1.54416096178059
5.04298516308263,5.4,2287.91875853865,1.49847724167766
4.93481717545698,5.4,2299.63558174048,1.45587061185283
4.82988640483765,5.4,2310.59652726195,1.41601262813838
4.72815726070851,5.4,2320.87960571517,1.37861961558121
4.62976772060707,5.4,2330.53235850365,1.34351869635035
4.53453616870803,5.4,2339.62368057092,1.3104593433785
4.44253617119597,5.4,2348.1892081033,1.27931197053346
4.35355626544133,5.4,2356.28456717758,1.24987430117246
4.26763416174178,5.4,2363.93673285493,1.22204824416389
4.18460797531453,5.4,2371.18619597481,1.19568656009163
4.10432015291931,5.4,2378.06874457007,1.17065911065429
4.02678322010244,5.4,2384.60238951825,1.14690040175185
3.9517827689416,5.4,2390.82171301888,1.12428467993137
3.87932462021553,5.4,2396.7405585894,1.10276160512946
3.80925413181906,5.4,2402.38414419143,1.08223947566755
3.74142606542024,5.4,2407.77501723717,1.06263630095578
3.67584336966718,5.4,2412.92254501578,1.04391801812447
3.61232054507409,5.4,2417.8497577036,1.02600088107784
3.55086103259792,5.4,2422.56387080742,1.00885865160939
3.49133428232305,5.4,2427.0815908926,0.992430578572369
3.43361883265475,5.4,2431.41798979208,0.976661855301554
3.37772033050821,5.4,2435.57790852773,0.961534878081001
3.32348461927845,5.4,2439.57753260194,0.946990790538405
3.27091915687142,5.4,2443.42053370972,0.933016241055563
3.21991729371895,5.4,2447.1185387999,0.919568949818571
3.17038001982061,5.4,2450.6821127964,0.906610498922194
3.12231746882443,5.4,2454.11361199357,0.894132320023404
3.07560243493161,5.4,2457.42491218931,0.88209122840256
3.03024666134023,5.4,2460.61771099254,0.870481050936269
2.98616346634173,5.4,2463.70043189443,0.859271156747559
2.94327234124883,5.4,2466.6807744031,0.848433547625139
2.90158708226893,5.4,2469.55968572137,0.837964779195037
2.86100224043966,5.4,2472.34619036087,0.827832035051397
2.82153272984756,5.4,2475.04085594523,0.818033251108271
2.78310773131263,5.4,2477.6499918526,0.80854548417241
2.74566137029228,5.4,2480.17939401044,0.799347658143875
2.7092098826071,5.4,2482.629194863,0.790439291407317
2.67366507783139,5.4,2485.00645349877,0.78179471454997
2.63904385937642,5.4,2487.31108150796,0.773414249061974
2.60528783612849,5.4,2489.54793897633,0.765280221904268
2.57234258937511,5.4,2491.7215096504,0.75737632854402
2.54022574813086,5.4,2493.83145212269,0.74970381046295
2.50886280180981,5.4,2495.88342312399,0.742242097730951
2.47827170534886,5.4,2497.8769534995,0.734992896365474
2.44840380818337,5.4,2499.81587716334,0.72794226486058
2.41921367564182,5.4,2501.70374442109,0.721077293014252
2.39071955572524,5.4,2503.53994132069,0.714400213379341
2.36285784797041,5.4,2505.32909417053,0.70789420301627
2.33564688652734,5.4,2507.07051719081,0.701561755669785
2.30902680843442,5.4,2508.76850055569,0.695387270706591
2.2830159615675,5.4,2510.42230233809,0.68937344604333
2.25757599004857,5.4,2512.0347674831,0.683509936425117
2.23267096903955,5.4,2513.60854249868,0.677787118186633
2.20831915524552,5.4,2515.14282470982,0.672207910146122
2.18446875741142,5.4,2516.64120652513,0.666759248999563
2.16113791070807,5.4,2518.10285725358,0.661444155441548
2.13829385648392,5.4,2519.53012336328,0.656254096860783
2.11590585046335,5.4,2520.92519391437,0.651181113038657
2.09399177423516,5.4,2522.28721069141,0.646228324758526
2.07250642458104,5.4,2523.61922437741,0.641384638627615
2.05146747610281,5.4,2524.92036613115,0.63665321406855
2.03084668820303,5.4,2526.19259977285,0.632026909916909
2.01061750540885,5.4,2527.43776216711,0.627499046665074
1.99079724871743,5.4,2528.65497749932,0.623072809093403
1.97134614646596,5.4,2529.84686817752,0.618738661172659
1.95228126170877,5.4,2531.01255850255,0.614499787263463
6.87626234077154,5.6,2032.25369194545,2.79180475656202
6.8847195207179,5.6,2076.3196542569,2.63156489361128
6.84360180325599,5.6,2115.22693878628,2.49008385895897
6.76887316775987,5.6,2149.78440726433,2.3644203372206
6.67146672227236,5.6,2180.72496639312,2.2519092131159
6.55925873019678,5.6,2208.55021859783,2.15072647782609
6.43765686789232,5.6,2233.7253242799,2.05918063898217
6.31046354861421,5.6,2256.62737647255,1.97590044919076
6.18064545409779,5.6,2277.52219802989,1.8999192798913
6.05000770192113,5.6,2296.68895217365,1.83022199209582
5.92015557247961,5.6,2314.30918559807,1.76614841600698
5.7919973821205,5.6,2330.57404074684,1.70700348819331
5.66614301922298,5.6,2345.6445306492,1.65220170673022
5.54325051003456,5.6,2359.62817015893,1.601352108513
5.4234572947284,5.6,2372.65649033644,1.55397639877659
5.30712848499103,5.6,2384.80726995315,1.50979174562491
5.19428112673924,5.6,2396.17417641986,1.46845754029145
5.08487694430131,5.6,2406.83810963061,1.42967960134324
4.97906432504271,5.6,2416.84837178163,1.39327864806683
4.8766479509839,5.6,2426.27640948101,1.3589948746145
4.7777069385704,5.6,2435.15917877385,1.32669389536784
4.68201387120188,5.6,2443.554365962,1.29616594195638
4.58960930425375,5.6,2451.48994518122,1.26730929025015
4.50031913942675,5.6,2459.00790693516,1.23997124750852
4.41397393674121,5.6,2466.14536473765,1.21401685549948
4.33058716674347,5.6,2472.92099653575,1.18937819441548
4.24992824533059,5.6,2479.37066535121,1.16592485326832
4.17200343243459,5.6,2485.50872742435,1.14360462754785
4.09664641885054,5.6,2491.36133471534,1.12232241921698
4.02370100862205,5.6,2496.95186972573,1.10199320099736
3.95317037286026,5.6,2502.29004668132,1.08258164843159
3.88485501691937,5.6,2507.39974872794,1.0640009137166
3.81875864136208,5.6,2512.28845861339,1.04622378686044
3.75474084682789,5.6,2516.97350166468,1.02918726667391
3.69267100795288,5.6,2521.4705079308,1.01283451661529
3.63255519768837,5.6,2525.78449773074,0.997147280979178
3.5742276289585,5.6,2529.93225602992,0.982064523527608
3.51769632233704,5.6,2533.91759051205,0.967572398138026
3.46284658199715,5.6,2537.75255875558,0.953627059070638
3.40957192803789,5.6,2541.44811697417,0.940188665548464
3.3578832586538,5.6,2545.00670873421,0.927248331875645
3.30764377090074,5.6,2548.44064967793,0.914761273898464
3.25886609395198,5.6,2551.75170028869,0.902721089859343
3.2114570063267,5.6,2554.9485960388,0.891096014404374
3.165329925294,5.6,2558.03932160335,0.87985701235149
3.12049968792742,5.6,2561.02485926674,0.869000511757309
3.07685288958152,5.6,2563.91456778178,0.858492480793572
3.03440556954832,5.6,2566.70903579519,0.848330778926592
2.99308156563694,5.6,2569.41480636579,0.838491613215336
2.95281003334619,5.6,2572.03789008504,0.828953126963517
2.91360843342138,5.6,2574.5784243025,0.819714820718193
2.87538192183816,5.6,2577.04372955441,0.810750074347614
2.83814867729948,5.6,2579.43371415653,0.802059221248972
2.8018459033264,5.6,2581.75341819781,0.793623933826161
2.76641507554224,5.6,2584.00749148943,0.7854273036748
2.73187515299698,5.6,2586.19557997922,0.7774706182574
2.69814600359273,5.6,2588.3235499065,0.769732545794569
2.66524693689124,5.6,2590.39091474036,0.762214855489625
2.63312563184632,5.6,2592.40165039175,0.754903089484552
2.60173322593057,5.6,2594.35943865904,0.747783859421679
2.57108934388036,5.6,2596.26364285122,0.740859480541041
2.54112558684362,5.6,2598.11906062142,0.734112506831193
2.51186167220525,5.6,2599.92498079061,0.727545524397814
2.48323322059365,5.6,2601.68585242826,0.721142354806336
2.45525996415515,5.6,2603.40090612852,0.71490579589629
2.42790065322122,5.6,2605.07309220483,0.708825119255173
2.40111665257502,5.6,2606.70515518395,0.702890344785643
2.37492759631368,5.6,2608.29626266217,0.697104499410292
2.3492777857486,5.6,2609.85014010027,0.691454035999031
2.3241867242734,5.6,2611.36592604089,0.685942087124059
2.29961918173329,5.6,2612.84605385836,0.680559804151431
2.27554209432571,5.6,2614.29279368912,0.675298932039579
2.2519746927305,5.6,2615.70525553197,0.67016270715648
2.22886836333567,5.6,2617.08660305819,0.665139625242968
2.2062421142178,5.6,2618.43593524726,0.660232962737258
2.18406557414451,5.6,2619.75528865347,0.65543531398741
2.16231018414363,5.6,2621.04656817344,0.650739752096613
2.1409945720091,5.6,2622.30886555499,0.646149579800075
2.12007596547253,5.6,2623.54490033239,0.641654907882245
2.09957271492433,5.6,2624.75376437315,0.637259038643099
7.37619467932296,5.8,2104.83418094356,2.89151206929616
7.38526673077051,5.8,2150.47392762328,2.72554935409719
7.34115958742179,5.8,2190.77075802871,2.57901542535016
7.26099787511012,5.8,2226.56242180955,2.44886392069262
7.15650958345836,5.8,2258.60800090723,2.33233454215557
7.03614361236702,5.8,2287.42701211924,2.22753813774829
6.90570079833898,5.8,2313.50122871853,2.13272280465994
6.76926000559286,5.8,2337.22121134664,2.04646832237592
6.63000360573543,5.8,2358.86227653102,1.96777353988723
6.48986795576018,5.8,2378.7135576085,1.89558706324186
6.35057504649952,5.8,2396.96308508379,1.82922514514994
6.21309923260661,5.8,2413.80882791644,1.76796789848572
6.07809474383523,5.8,2429.41754960103,1.71120891054174
5.94626744762671,5.8,2443.90060480753,1.65854325524536
5.81776477660781,5.8,2457.39422213254,1.60947555588169
5.69297838759128,5.8,2469.97895816413,1.56371287940316
5.57192656579329,5.8,2481.75182557607,1.52090245245068
5.45456825274462,5.8,2492.79661354435,1.48073958711148
5.34106262417781,5.8,2503.16438505789,1.44303859978949
5.23120016169904,5.8,2512.92913838939,1.40753040585679
5.12506573384235,5.8,2522.12914944268,1.37407582020846
5.02241538989231,5.8,2530.82416474469,1.34245758274662
4.9232926337727,5.8,2539.04315750924,1.31257033633004
4.82751070951309,5.8,2546.82961789726,1.28425593491909
4.73488785816291,5.8,2554.22198490698,1.2573746003383
4.64543852963217,5.8,2561.23960355501,1.23185598707271
4.55891537541247,5.8,2567.91961768531,1.2075650265989
4.47532511055845,5.8,2574.27689626106,1.18444764995984
4.3944893345072,5.8,2580.33852524102,1.16240536275998
4.31624049521871,5.8,2586.12872221606,1.14135010103254
4.2405819943569,5.8,2591.65754834864,1.12124527873224
4.16729983320089,5.8,2596.94973975407,1.10200094634887
4.09639798135948,5.8,2602.01304642114,1.08358892210496
4.02772583186551,5.8,2606.86541243855,1.06594395476896
3.96114326235799,5.8,2611.52302607132,1.04900717792251
3.89665678731661,5.8,2615.99108693553,1.03275968387079
3.83408856626835,5.8,2620.28697945968,1.01713825651025
3.77344720291549,5.8,2624.41464731618,1.00212855521389
3.71460966257639,5.8,2628.38657871127,0.987685168322666
3.65746172382672,5.8,2632.21412115195,0.973766832174733
3.60201507720423,5.8,2635.89980547485,0.960364343727846
3.54812297363239,5.8,2639.45638716656,0.947431319394368
3.4957989604769,5.8,2642.88568958484,0.934961128782417
3.44494303867477,5.8,2646.19676018317,0.92292087206123
3.39546233057719,5.8,2649.3978688036,0.911280477077841
3.34737275197349,5.8,2652.49003281211,0.90003624431962
3.30055265323765,5.8,2655.48294520268,0.889152926535708
3.25501923978365,5.8,2658.37721564515,0.878628306744924
3.21069081211851,5.8,2661.17962087898,0.868437742258251
3.16749137505662,5.8,2663.89638615964,0.858558595783149
3.12543965881074,5.8,2666.52765374201,0.848990350029079
3.08443392380886,5.8,2669.08100561006,0.839705434145287
3.04449367041978,5.8,2671.55634680512,0.83070419343596
3.00555153660426,5.8,2673.95889741929,0.821967645748035
2.96754474302456,5.8,2676.29347332847,0.813478278805561
2.93049362713098,5.8,2678.55970783575,0.805237426051831
2.89431223089503,5.8,2680.763676689,0.797222993858187
2.85902126776243,5.8,2682.90487598121,0.789436814613795
2.82456461273337,5.8,2684.98742362016,0.781863914108524
2.79088985077528,5.8,2687.015132897,0.774490425829125
2.75801803342295,5.8,2688.98734438175,0.767318747702742
2.72587578894859,5.8,2690.90902707232,0.760330810646116
2.69448426827146,5.8,2692.7794443904,0.753529293125824
2.66377441137688,5.8,2694.60320430083,0.746897438906081
2.63376738501874,5.8,2696.37950991896,0.740438145749251
2.60441894050924,5.8,2698.11141692656,0.734140302085229
2.57568763369362,5.8,2699.80176786923,0.727993571384652
2.54759452614796,5.8,2701.44970061452,0.722001088674462
2.5200798696617,5.8,2703.05907367541,0.716148822998518
2.49316458560474,5.8,2704.62899482819,0.710440018806591
2.4668108824463,5.8,2706.16198435343,0.704865511442079
2.44098329251034,5.8,2707.66039346386,0.699416751040521
2.41570244462568,5.8,2709.12330037253,0.694097089554455
2.3909161907723,5.8,2710.55398173897,0.6888946118583
2.36664492099152,5.8,2711.95150436337,0.683812711405947
2.34285605593841,5.8,2713.31797753408,0.678843718057912
2.31951896028695,5.8,2714.65537417976,0.673980457528153
2.29665361614774,5.8,2715.96275361065,0.669226350506728
2.2742141415339,5.8,2717.24293248725,0.664571154591851
2.2522202209841,5.8,2718.49497024376,0.660018290022715
7.89366850343762,6,2177.41466994165,2.99121938203039
7.90337700082483,6,2224.62820098964,2.81953381458311
7.85617553945291,6,2266.31457727112,2.66794699174135
7.77039011605161,6,2303.34043635475,2.53330750416456
7.65857149240515,6,2336.49103542131,2.41275987119524
7.52976129742044,6,2366.30380564064,2.30434979767041
7.39016732283627,6,2393.27713315715,2.20626497033762
7.24415458386902,6,2417.8150462207,2.11703619556107
7.09512871006199,6,2440.20235503214,2.03562779988316
6.94516190270708,6,2460.73816304169,1.96095213439387
6.79609695819524,6,2479.61698456784,1.89230187429879
6.64897658660974,6,2497.04361508437,1.82893230878409
6.50450091491636,6,2513.19056855117,1.77021611435939
6.36342533038897,6,2528.17303945444,1.71573440198387
6.22590760873665,6,2542.13195393033,1.6649747129806
6.09236688327301,6,2555.1506463768,1.61763401317528
5.96282272201476,6,2567.32947473398,1.5733473646037
5.83723118605303,6,2578.75511745979,1.53179957287352
5.71576261802671,6,2589.48039833587,1.49279855150593
5.59819280086751,6,2599.58186729949,1.4560659370928
5.48461255702559,6,2609.09912011324,1.42145774504279
5.37476082152618,6,2618.09396352911,1.38874922353054
5.26868415029229,6,2626.59636983727,1.35783138240994
5.16618268556743,6,2634.65132885935,1.32854062232966
5.06706191717837,6,2642.29860507631,1.30073234517709
4.9713373087626,6,2649.55821057427,1.27433377972994
4.87874415918146,6,2656.46857001941,1.24920519992945
4.78928965458145,6,2663.04506509777,1.22529067237178
4.7027828787834,6,2669.31571576669,1.20248830630297
4.61904452520474,6,2675.30557470639,1.18070700106768
4.53807823415169,6,2681.02505001595,1.15990890903292
4.45965499391338,6,2686.49973078019,1.14000097898114
4.38377905258485,6,2691.73763422889,1.12095405734952
4.3102892374308,6,2696.75732321242,1.10270064286397
4.23903559586507,6,2701.57554421183,1.08517983922972
4.17002509938794,6,2706.19767614033,1.06837208676245
4.10306743120312,6,2710.64170288945,1.05221198949293
4.03817179860195,6,2714.91170412032,1.03668471228979
3.97520653545667,6,2719.02059866696,1.02174327757473
3.91404940718709,6,2722.98012532973,1.007344998801
3.85471292447575,6,2726.79290221548,0.993480355580086
3.79704004312656,6,2730.47212465519,0.980101364890272
3.74104526091498,6,2734.019678881,0.967201167705492
3.68662156338594,6,2737.44492432754,0.954745729718045
3.6336695570984,6,2740.75641600385,0.942703941804232
3.58220627440715,6,2743.95520635748,0.931071976881892
3.53210153140803,6,2747.05132262359,0.919813372277883
3.48337374055357,6,2750.04539549511,0.908925834563256
3.43593547075734,6,2752.94443539218,0.898383871301206
3.38970539542356,6,2755.75488223423,0.88816406460282
3.34470355877518,6,2758.47688318151,0.878265879339995
3.30082108374343,6,2761.1182816657,0.868660793942931
3.25807883873727,6,2763.6789794537,0.859349165622957
3.21640473596206,6,2766.16437664077,0.850311357669959
3.17573159182206,6,2768.57945516752,0.841529253936332
3.13608117053285,6,2770.92383569229,0.833004233846272
3.09736148371674,6,2773.20380347151,0.824713441921815
3.05959469796245,6,2775.41883722207,0.816658773737945
3.02272075084455,6,2777.57319684857,0.808824738732496
2.98668355017595,6,2779.67082713495,0.801196992236572
2.95150562435301,6,2781.71104591228,0.793778014864462
2.91710845428531,6,2783.69899352321,0.786549114461058
2.88351467472595,6,2785.6339079902,0.779513061853853
2.85065038078407,6,2787.5205561734,0.772652523005826
2.81853822415824,6,2789.3581137094,0.765970495602211
2.78713085191265,6,2791.1497416483,0.759455484915304
2.75638391239532,6,2792.8983805545,0.753096797983642
2.72631994474835,6,2794.60313856688,0.746897677938632
2.69687500915069,6,2796.26800725055,0.740843609998006
2.66807149470211,6,2797.8920636155,0.734937950489103
2.63986895862291,6,2799.47791484851,0.729171218732726
2.61222944501725,6,2801.02799323861,0.723534570041444
2.5851750299207,6,2802.54134521309,0.718031471952409
2.55864990689092,6,2804.02136041975,0.712649598473633
2.53267589642398,6,2805.46707347947,0.707392460074656
2.50721813358473,6,2806.88066641469,0.702252122128393
2.48224383383882,6,2808.26418018609,0.697221162959672
2.45777438113335,6,2809.61664166632,0.692303121213381
2.43376067465005,6,2810.94096464211,0.687487401301437
2.41022377988808,6,2812.23617611436,0.682777541402351
8.42868381311532,6.2,2249.99515893976,3.09092669476453
8.43905033088115,6.2,2298.78247435602,2.91351827506903
8.38864965934951,6.2,2341.85839651355,2.75687855813261
8.29704989058435,6.2,2380.11845089997,2.61775108763651
8.177652449113,6.2,2414.37406993542,2.49318520023491
8.0401117853469,6.2,2445.18059916049,2.38116145759826
7.89105644137435,6.2,2473.0530375942,2.27980713602111
7.73514728343284,6.2,2498.40888109319,2.18760406875203
7.57602076706791,6.2,2521.54243353166,2.1034820598849
7.41588954278007,6.2,2542.76276847653,2.02631720553992
7.25672130758474,6.2,2562.27088405356,1.95537860344167
7.09962944414724,6.2,2580.27840225396,1.88989671907658
6.94536153248358,6.2,2596.963587503,1.829223318171
6.7947241583382,6.2,2612.44547410304,1.77292554871624
6.64788579110717,6.2,2626.86968572813,1.72047387007957
6.50529397202876,6.2,2640.32233458948,1.67155514694741
6.3669695953963,6.2,2652.90712389189,1.62579227675677
6.23286574421937,6.2,2664.71362137523,1.58285955863555
6.10316430658238,6.2,2675.79641161385,1.54255850322241
5.97762586848238,6.2,2686.23459620959,1.5046014683288
5.85634740811342,6.2,2696.0690907838,1.46883966987713
5.73905016609676,6.2,2705.36376231353,1.43504086431446
5.6257838538126,6.2,2714.14958216529,1.40309242848987
5.51633506758968,6.2,2722.47303982145,1.37282530974023
5.41049611378758,6.2,2730.37522524563,1.34409009001591
5.30828350413471,6.2,2737.87681759353,1.31681157238718
5.20941459663749,6.2,2745.01752235351,1.29084537326
5.11389706450351,6.2,2751.81323393448,1.26613369478373
5.02152705167915,6.2,2758.29290629236,1.24257124984597
4.93211309858018,6.2,2764.48242719672,1.22006390110286
4.84565909224461,6.2,2770.39255168327,1.1985725393336
4.76192049905681,6.2,2776.04972180632,1.17800101161342
4.68090185503825,6.2,2781.46222203664,1.15831919259408
4.60243106352372,6.2,2786.64923398628,1.13945733095902
4.52634800847409,6.2,2791.62806235234,1.12135250053698
4.45266013390239,6.2,2796.40426534513,1.1039844896541
4.38116422376281,6.2,2800.99642631922,1.08728572247561
4.31187010939645,6.2,2805.40876092445,1.07124086936569
4.24463720063797,6.2,2809.65461862264,1.0558013868268
4.17933497811902,6.2,2813.74612950751,1.04092316542727
4.11597680046834,6.2,2817.68599895612,1.02659636743233
4.05439497938327,6.2,2821.48786214381,1.01277141038618
3.99460499526621,6.2,2825.15366817715,0.999441206628566
3.93649258046022,6.2,2828.69308847192,0.98657058737486
3.87995160485763,6.2,2832.1149632041,0.974127406530583
3.82500025522841,6.2,2835.42037990285,0.962107709444203
3.77149952409267,6.2,2838.6197000445,0.950473818020018
3.71946907185809,6.2,2841.71357534507,0.939223362381587
3.66881554155343,6.2,2844.70924990537,0.928330000344122
3.61945209444703,6.2,2847.61337830883,0.917769533422452
3.57140013331469,6.2,2850.42611262102,0.907541408650872
3.5245434016419,6.2,2853.15555772135,0.897616153740574
3.47890418225199,6.2,2855.80161210227,0.887994137809955
3.43440550139977,6.2,2858.36985586226,0.878655069591833
3.39097562193474,6.2,2860.86543700656,0.869580229067093
3.34863778320258,6.2,2863.28796354882,0.860771041640703
3.30729376205782,6.2,2865.64393025402,0.852203889985414
3.26696722749132,6.2,2867.93279846293,0.843880732862106
3.22759404617986,6.2,2870.15897007698,0.835785563356478
3.18911432413261,6.2,2872.3265213729,0.827903558644028
3.15155211667055,6.2,2874.43474744281,0.820237282026162
3.11482358285381,6.2,2876.48895997411,0.812767418275981
3.07895289156875,6.2,2878.48837158999,0.805496830581862
3.04386112881525,6.2,2880.43790804597,0.798407607105591
3.00957248157366,6.2,2882.33671749983,0.791502845455192
2.97603638743141,6.2,2884.18806637003,0.78477066774538
2.94320548868014,6.2,2885.99499323977,0.778200024582671
2.91110385211488,6.2,2887.75657651923,0.771794267202822
2.8796632042156,6.2,2889.47694082569,0.765538396997494
2.84890745156549,6.2,2891.15513240281,0.759435882171634
2.81879341026315,6.2,2892.79384534358,0.753476926023354
2.78928055184644,6.2,2894.39559301335,0.747652389042386
2.76039244861557,6.2,2895.95939005365,0.741965854350364
2.73206951169154,6.2,2897.48873910054,0.736404585088966
2.70433504051517,6.2,2898.98264259558,0.730972208743365
2.67715180708348,6.2,2900.44335529531,0.725660526198894
2.65048480479923,6.2,2901.87298619242,0.720461868391211
2.62435686696595,6.2,2903.27052972199,0.715379891920054
2.598715564821,6.2,2904.63899679697,0.710403648011043
2.57358339163627,6.2,2905.97738198496,0.705536792781967
8.98124060835642,6.4,2322.57564793786,3.19063400749868
8.99228672093918,6.4,2372.93674772238,3.00750273555495
8.93858194711158,6.4,2417.40221575596,2.8458101245238
8.84097719869741,6.4,2456.89646544365,2.70219467111402
8.713752453571,6.4,2492.25710444796,2.57361052928015
8.5671950761662,6.4,2524.05739268189,2.45797311752038
8.40836815397299,6.4,2552.82894203281,2.35334930169887
8.24223810430369,6.4,2579.00271596726,2.25817194193727
8.07267977677225,6.4,2602.88251203278,2.17133631988084
7.90205087597022,6.4,2624.78737391135,2.09168227668596
7.73244809465892,6.4,2644.92478353925,2.01845533258455
7.56505780521055,6.4,2663.51318942354,1.95086112936891
7.40067659652827,6.4,2680.7366064548,1.88823052198252
7.24016393146599,6.4,2696.71790875163,1.83011669544862
7.08369932371929,6.4,2711.60741752591,1.77597302717854
6.93175965385844,6.4,2725.49402280215,1.72547628071945
6.78436718593785,6.4,2738.4847730498,1.67823718890981
6.64147192724364,6.4,2750.67212529066,1.63391954439762
6.5032676898448,6.4,2762.11242489183,1.59231845493886
6.36949936454366,6.4,2772.88732511968,1.55313699956481
6.24027028710573,6.4,2783.03906145435,1.51622159471146
6.11528342360414,6.4,2792.63356109795,1.48133250509838
5.9945917443336,6.4,2801.70279449332,1.44835347456976
5.87796785557989,6.4,2810.29475078354,1.41710999715079
5.7651904479906,6.4,2818.45184541496,1.38744783485474
5.65627711574858,6.4,2826.19542461279,1.35928936504445
5.55092668778067,6.4,2833.56647468761,1.33248554659054
5.44914734032467,6.4,2840.58140277119,1.30697671719572
5.35072185319445,6.4,2847.27009681804,1.28265419338896
5.25544621534495,6.4,2853.65927968706,1.259420801138
5.16332456863565,6.4,2859.76005335059,1.23723616963424
5.07409634863119,6.4,2865.59971283245,1.21600104424569
4.9877663887196,6.4,2871.18680984438,1.19568432783865
4.90415131014429,6.4,2876.54114476015,1.17621401905404
4.82308050018506,6.4,2881.68058049286,1.15752516184419
4.74456189085997,6.4,2886.61085454993,1.13959689254575
4.66837894394745,6.4,2891.35114974899,1.12235945545824
4.59454213529899,6.4,2895.90581772858,1.10579702644155
4.52290165812033,6.4,2900.28863857833,1.08985949607883
4.4533184366225,6.4,2904.51213368529,1.07450133205354
4.38580670518203,6.4,2908.57909569676,1.05971237928457
4.32018778240249,6.4,2912.50359963244,1.04544145588204
4.25647816353063,6.4,2916.28765747331,1.03168124555164
4.19455608989759,6.4,2919.94125261629,1.01839544503172
4.13430847385487,6.4,2923.47351040435,1.00555087125697
4.07575469443726,6.4,2926.88555344823,0.993143442006475
4.01874663129159,6.4,2930.18807746541,0.981134263762193
3.96330523369717,6.4,2933.38175519503,0.969520890199919
3.90933102450679,6.4,2936.47406441857,0.958276129387037
3.85673147212701,6.4,2939.47187438343,0.947375002242124
3.80552938242928,6.4,2942.37534206052,0.936816937961748
3.75560087750427,6.4,2945.19283377699,0.926571513538218
3.70696970096393,6.4,2947.92424475085,0.916639109996913
3.65955383291742,6.4,2950.57533508374,0.906998781513707
3.61327683336259,6.4,2953.1514188456,0.897631204197854
3.56816346514019,6.4,2955.65209140535,0.888537849435134
3.52410906591829,6.4,2958.08405703653,0.879694338049012
3.48113885634898,6.4,2960.44675970379,0.871102691986236
3.43918449873928,6.4,2962.74474330539,0.86274638798045
3.39818217264522,6.4,2964.98221561086,0.854610125051435
3.35815751037554,6.4,2967.15844897335,0.846696549187872
3.31902117465408,6.4,2969.27892642501,0.838985722090874
3.28079891879985,6.4,2971.34283518979,0.831480599309881
3.24340665547043,6.4,2973.35525991854,0.824162691205346
3.20687015726501,6.4,2975.31532129026,0.817035195308152
3.17113554706557,6.4,2977.22639109176,0.810085850575436
3.13615236254808,6.4,2979.09160592504,0.803303251181681
3.10194624824753,6.4,2980.91001447158,0.796690856466992
3.0684444548564,6.4,2982.68587440083,0.790233183996981
3.0356724561949,6.4,2984.41820119011,0.783933813854166
3.003584237367,6.4,2986.10977583865,0.777782633314022
2.9721366129979,6.4,2987.76319278809,0.771770208043328
2.94135470071027,6.4,2989.37743489421,0.765900236748338
2.91117500517416,6.4,2990.95611778132,0.760159571704318
2.88162235326509,6.4,2992.49821171169,0.754551957412073
2.85265707643466,6.4,2994.00604417592,0.749068930269395
2.82424187316819,6.4,2995.48179219875,0.743702573822751
2.79640107364553,6.4,2996.92441777766,0.738456662626707
2.76907881204674,6.4,2998.33702895183,0.733319894720629
2.74229905622867,6.4,2999.71858785557,0.728296044161603
9.55133888916055,6.6,2395.15613693597,3.29034132023282
9.56308617098771,6.6,2447.09102108729,3.10148719604627
9.50597240272772,6.6,2492.94603499689,2.93474169092039
9.40217204041231,6.6,2533.67447998887,2.78663825458596
9.26687150580036,6.6,2570.14013896206,2.65403585831982
9.11101116986898,6.6,2602.93418620331,2.53478477744258
8.94210246062242,6.6,2632.60484647145,2.42689146737664
8.76542704647205,6.6,2659.59655084135,2.32873981512243
8.58510573916578,6.6,2684.22259053391,2.23919057987677
8.40364590227767,6.6,2706.81197934619,2.15704734783209
8.22327731941827,6.6,2727.57868302496,2.08153206172743
8.04526166979979,6.6,2746.74797659314,2.01182553966131
7.87044610705073,6.6,2764.50962540663,1.94723772579413
7.69974464977259,6.6,2780.99034340023,1.887307842181
7.53334820657322,6.6,2796.34514932371,1.83147218427751
7.37176392876214,6.6,2810.66571101483,1.77939741449157
7.21501549363957,6.6,2824.06242220772,1.73068210106288
7.06304973512589,6.6,2836.63062920611,1.68497953015964
6.91607276781399,6.6,2848.4284381698,1.6420784066553
6.7738132890513,6.6,2859.54005402978,1.60167253080085
6.63638119400257,6.6,2870.00903212491,1.5636035195458
6.50346059404824,6.6,2879.90335988237,1.52762414588234
6.37510782185523,6.6,2889.25600682134,1.4936145206497
6.25108104953806,6.6,2898.11646174564,1.46139468456136
6.13114491978734,6.6,2906.52846558429,1.43080557969353
6.01531814360418,6.6,2914.51403163205,1.40176715770168
5.90328043261095,6.6,2922.1154270217,1.37412571992113
5.79504048204496,6.6,2929.3495716079,1.34781973960766
5.69036728332929,6.6,2936.24728734371,1.32273713693199
5.58904387549909,6.6,2942.83613217739,1.29877770117318
5.49107466332486,6.6,2949.12755501791,1.27589979993492
5.39618254263651,6.6,2955.14970385857,1.25400107687796
5.30437265362894,6.6,2960.91139765213,1.23304946308317
5.2154499772925,6.6,2966.43305553401,1.21297070714905
5.12923307099798,6.6,2971.73309863337,1.19369782315141
5.04573037026063,6.6,2976.81744375472,1.17520929543741
4.96471159175698,6.6,2981.70587317876,1.15743318844092
4.88618787630954,6.6,2986.40287453271,1.14035318351745
4.80999990790373,6.6,2990.92265853401,1.1239176053309
4.73599978269752,6.6,2995.27813786307,1.10807949867977
4.66420263861677,6.6,2999.47219243739,1.09282839113677
4.59441845218424,6.6,3003.51933712107,1.07811150137795
4.52666476570821,6.6,3007.42164676946,1.06392128447471
4.46081209169807,6.6,3011.18941676066,1.05022030268853
4.39674016409012,6.6,3014.83205760459,1.03697433598332
4.3344695920337,6.6,3018.3507269936,1.02417917456879
4.27384285300475,6.6,3021.75645488632,1.01179470950433
4.21488222607085,6.6,3025.04993504498,0.999818418018251
4.15748191961739,6.6,3028.23887893176,0.988222258429992
4.1015435284635,6.6,3031.33037045802,0.976980471061756
4.04709130611895,6.6,3034.32457150003,0.966092467272664
3.99399351133052,6.6,3037.23010983264,0.955526873335901
3.94227539487307,6.6,3040.04687739943,0.945284082183911
3.89184973051502,6.6,3042.78081430522,0.935342493435581
3.84263522610563,6.6,3045.43740068464,0.925682179328615
3.79465821634566,6.6,3048.01621926188,0.916304657229565
3.74780739529815,6.6,3050.52418381903,0.90718478611265
3.70210958453548,6.6,3052.96072094465,0.898324651110406
3.65749210852281,6.6,3055.3305165338,0.889707212604422
3.61388709571379,6.6,3057.63790984881,0.881316691458881
3.57132180546801,6.6,3059.88215050388,0.873155816349572
3.5297012296861,6.6,3062.06889287591,0.865204025905816
3.48905275641925,6.6,3064.19729878959,0.857464368037891
3.44928696074956,6.6,3066.27261179111,0.849917775305071
3.41043125123229,6.6,3068.29392508071,0.842567545161083
3.37242833081511,6.6,3070.2647158135,0.835401033405481
3.33522453399914,6.6,3072.18821861032,0.82840647778068
3.29884713314631,6.6,3074.06345242393,0.821587445731162
3.26321876107311,6.6,3075.89480797597,0.814927970996469
3.22836650859033,6.6,3077.68126997742,0.808431745536677
3.19424143993448,6.6,3079.42570633373,0.80208834060465
3.16079762847164,6.6,3081.13079256283,0.79588802704425
3.1280617862048,6.6,3082.79547973477,0.789834619146313
3.09596638733876,6.6,3084.4234964621,0.783914558319671
3.06453783467374,6.6,3086.01378082779,0.778131706080782
3.03373394163826,6.6,3087.56873305653,0.772477334339897
3.00351503894569,6.6,3089.09059820507,0.76694327925429
2.97390700117208,6.6,3090.57830583333,0.76153343333338
2.94485041632728,6.6,3092.03506110669,0.756236141430235
2.91637077366528,6.6,3093.45979372617,0.751055295541219
10.1389786555162,6.8,2467.73662593263,3.39004863297234
10.1514486810493,6.8,2521.24529445366,3.19547165653219
10.0908210262204,6.8,2568.48985423931,3.02367325731166
9.98063441571846,6.8,2610.45249453407,2.87108183805791
9.83700960579049,6.8,2648.02317347615,2.73446118735949
9.67156006645479,6.8,2681.8109797247,2.6115964373647
9.49225936132246,6.8,2712.38075091006,2.50043363305432
9.30471410993792,6.8,2740.19038571542,2.39930768830758
9.11329865424821,6.8,2765.56266903503,2.30704483987262
8.92067462170216,6.8,2788.83658478102,2.22241241897813
8.7292089818624,6.8,2810.23258251066,2.14460879087031
8.54024103791474,6.8,2829.98276376272,2.07278994995372
8.35467006405066,6.8,2848.28264435844,2.00624492960565
8.17346631325771,6.8,2865.26277804881,1.94449898891338
7.99683243966863,6.8,2881.08288112149,1.8869713413764
7.82530679673977,6.8,2895.83739922749,1.83331854826369
7.65891451850131,6.8,2909.64007136563,1.78312701321594
7.49759916786596,6.8,2922.58913312154,1.73603951592167
7.34157954048988,6.8,2934.74445144777,1.69183835837173
7.19056764200539,6.8,2946.19278293987,1.65020806203684
7.04468012880395,6.8,2956.97900279546,1.61098544438017
6.90358167742909,6.8,2967.17315866679,1.57391578666626
6.76733208637759,6.8,2976.80921914937,1.53887556672959
6.63567464946424,6.8,2985.93817270773,1.50567937197193
6.50835952917784,6.8,2994.60508575361,1.47416332453235
6.3854065877015,6.8,3002.83263865131,1.44424495035891
6.26647583112832,6.8,3010.6643793558,1.41576589325167
6.15157648966432,6.8,3018.11774044461,1.38866276201965
6.04046334208368,6.8,3025.22447786939,1.36282008047499
5.93290607904265,6.8,3032.01298466772,1.33813460120833
5.82890937631221,6.8,3038.49505668522,1.3145634302356
5.72817908107278,6.8,3044.6996948847,1.29200110951023
5.63072064976632,6.8,3050.63598545988,1.27041459832773
5.53632706496841,6.8,3056.32496630788,1.2497273952441
5.44480572091285,6.8,3061.78561677389,1.22987048445862
5.35616557210443,6.8,3067.02403295952,1.21082169832906
5.27016216719143,6.8,3072.06059660853,1.19250692142356
5.18680733242813,6.8,3076.89993133684,1.17490934059335
5.10593194998815,6.8,3081.5566784897,1.15797571458296
5.02737901634409,6.8,3086.04414204084,1.14165766530604
4.95116460077262,6.8,3090.36528917803,1.12594440298901
4.87708698872853,6.8,3094.5350746097,1.11078154687385
4.80516480179896,6.8,3098.55563606562,1.09616132339779
4.73526058586165,6.8,3102.43758090504,1.08204516034535
4.6672466755634,6.8,3106.19060480484,1.06839780070968
4.60114494801774,6.8,3109.81590053897,1.05521490713106
4.53678818923217,6.8,3113.32483230722,1.0424551552465
4.47420004897911,6.8,3116.71811489494,1.03011594583662
4.41326822688526,6.8,3120.00369344496,1.01816838747291
4.35388826345652,6.8,3123.18886653262,1.00658593988143
4.29608590438368,6.8,3126.27380093954,0.995367996583541
4.23972130312066,6.8,3129.26738588829,0.984482233133545
4.18482126397942,6.8,3132.16951004801,0.973929054370908
4.13129319419254,6.8,3134.9862935267,0.963686205357494
4.07905080016383,6.8,3137.72338252368,0.953733154459376
4.02812203681901,6.8,3140.38034711841,0.944071465023996
3.97838875019741,6.8,3142.96431060154,0.934675234176249
3.92987941205079,6.8,3145.47468218551,0.925546610234537
3.88251687553046,6.8,3147.91628976221,0.916668037228355
3.83622909333833,6.8,3150.29360408677,0.908023257866328
3.79104500194795,6.8,3152.60585203441,0.899615083511273
3.74686374794988,6.8,3154.85885932681,0.891422329720719
3.70371440442695,6.8,3157.05176238939,0.8834481367659
3.6615020446527,6.8,3159.18996366368,0.875672859404836
3.62025576347549,6.8,3161.27252887114,0.868099895014043
3.57991473868003,6.8,3163.30304053523,0.860716216235557
3.54042200303333,6.8,3165.28483129559,0.85350970437967
3.50180650681121,6.8,3167.21689037629,0.846484034995322
3.46398612286575,6.8,3169.10374155112,0.839622757995967
3.42698960875179,6.8,3170.94433876473,0.832929677219219
3.3907650179656,6.8,3172.7416368288,0.826394047895287
3.35526359826765,6.8,3174.49839233758,0.820005846045173
3.32051370509918,6.8,3176.21352457533,0.813769001544287
3.28644365818536,6.8,3177.89087514288,0.807669544935004
3.25308148474113,6.8,3179.5293499439,0.801711454749491
3.22038240269428,6.8,3181.13142193715,0.795885738410398
3.18830430213174,6.8,3182.6994042114,0.790183984685849
3.1568746495456,6.8,3184.23219388899,0.784610204040053
3.1260303776626,6.8,3185.73309326155,0.779152388139841
3.09579854394609,6.8,3187.20099959677,0.773814546920854
10.7441599074464,7,2540.31711493072,3.48975594570641
10.7573742511125,7,2595.39956782003,3.2894561170181
10.6931278175785,7,2644.03367348174,3.11260482370284
10.5763643246159,7,2687.23050907929,2.95552542152993
10.4241667535417,7,2725.90620799026,2.81488651639908
10.2488417659238,7,2760.68777324612,2.6884080972869
10.0588388560734,7,2792.1566553487,2.57397579873208
9.86009929470144,7,2820.7842205895,2.46987556149274
9.6572585220197,7,2846.90274753616,2.37489909986855
9.45313703424382,7,2870.86119021586,2.28777749012418
9.2502430819916,7,2892.88648199637,2.20768552001327
9.04999590955567,7,2913.21755093232,2.13375436024613
8.85334846752849,7,2932.05566331026,2.06525213341726
8.6613289219216,7,2949.53521269742,2.00169013564583
8.47415202300593,7,2965.82061291929,1.94247049847537
8.29238825779143,7,2981.00908744017,1.88723968203581
8.11606426052318,7,2995.21772052355,1.83557192536893
7.94512022546407,7,3008.54763703699,1.7870995016837
7.77978800787263,7,3021.06046472576,1.74159831008821
7.61976242340589,7,3032.84551184998,1.69874359327288
7.46516709150991,7,3043.94897346603,1.65836736921449
7.31564667374669,7,3054.4429574512,1.62020742745018
7.17126453790058,7,3064.36243147739,1.58413661280952
7.03174865535832,7,3073.75988366983,1.5499640593825
6.8968342761621,7,3082.68170592294,1.51752106937118
6.76654244804055,7,3091.15124567057,1.48672274301614
6.64051288333279,7,3099.2133316899,1.45740606658222
6.51875536318277,7,3106.88590928132,1.4295057844316
6.40101002945761,7,3114.20166839506,1.40290302401798
6.28703282597553,7,3121.18983715805,1.37749150124351
6.17682870759771,7,3127.86255835254,1.35322706053625
6.07008596393996,7,3134.24968591082,1.3300011421425
5.96681037713165,7,3140.36057326763,1.30777973357229
5.86678257317193,7,3146.21687708175,1.28648408333911
5.76979844992966,7,3151.8381349144,1.26604314576584
5.67586749639131,7,3157.23062216432,1.24643410122068
5.5847306702508,7,3162.41532003829,1.22758065440624
5.49640050365474,7,3167.39698814097,1.20946549766925
5.41069778437364,7,3172.19069844538,1.19203382383499
5.32745613756224,7,3176.81014621862,1.17523583193231
5.24669259164952,7,3181.25838591867,1.15906041484125
5.16819339203533,7,3185.55081209832,1.14345159236975
5.09197827180287,7,3189.68962536177,1.12840136232086
5.01790157238832,7,3193.68574504941,1.1138700180022
4.94582800827469,7,3197.54915200509,1.09982126543607
4.87578076238937,7,3201.28107408434,1.08625063969333
4.80758263997387,7,3204.89320972813,1.07311560098864
4.74125870242194,7,3208.3862947449,1.06041347365495
4.67668994631038,7,3211.76850795815,1.04811451651586
4.61376567710605,7,3215.04736260721,1.03619140870106
4.5525131772235,7,3218.22303037904,1.02464352589442
4.49278425287472,7,3221.30466194393,1.01343759293119
4.43460730828298,7,3224.29214269659,1.00257402655787
4.37788422395001,7,3227.19177274818,0.992029917279368
4.32252355553722,7,3230.00936436272,0.981784129590176
4.26855492656022,7,3232.74447497495,0.971838272818426
4.21585313061605,7,3235.40443738405,0.962165682239887
4.16444833889493,7,3237.98864342637,0.952768569358707
4.11425879976222,7,3240.50206299061,0.943628861852327
4.06520816551883,7,3242.94929832472,0.934729824273774
4.01732709981535,7,3245.32955356495,0.926074350672973
3.97050872944541,7,3247.6488257777,0.917640633535662
3.92478386282294,7,3249.90622598918,0.909431905493909
3.8800519071798,7,3252.10731553625,0.901427943504561
3.83634369399462,7,3254.25113266158,0.893632244867004
3.79359477066031,7,3256.34136525696,0.886031399065633
3.75174476965061,7,3258.38144398087,0.878612930978699
3.71082436924223,7,3260.37032832864,0.871380624259512
3.67074654023428,7,3262.31267512626,0.864317544995454
3.63154175667926,7,3264.20740755204,0.85742760890173
3.59315497146032,7,3266.05756732388,0.850699755185935
3.55553452238594,7,3267.86599211233,0.844123665046105
3.5187104573934,7,3269.63156941589,0.837703383942232
3.48260681771397,7,3271.35825382367,0.831424531550326
3.44725330346728,7,3273.04491906001,0.825291203418189
3.41260245960273,7,3274.69411081776,0.819294142480879
3.37860966272633,7,3276.30821021772,0.813424690117388
3.34530401876611,7,3277.88608194466,0.807686974746706
3.31261869605271,7,3279.43112541641,0.802068634849427
3.28058236707113,7,3280.94220546737,0.79657379830049
11.3668826449403,7.2,2612.89760392886,3.58946325844063
11.3808628811779,7.2,2669.55384118641,3.38344057750406
11.3128927768021,7.2,2719.57749272415,3.20153639009403
11.1893617671045,7.2,2764.00852362449,3.03996900500188
11.0283429490538,7.2,2803.78924250434,2.89531184543875
10.8428562682759,7.2,2839.56456676752,2.76521975720902
10.641840944875,7.2,2871.93255978731,2.64751796440977
10.4315826007622,7.2,2901.37805546357,2.54044343467797
10.2169853424802,7.2,2928.24282603728,2.44275335986448
10.0010331399026,7.2,2952.88579565068,2.3531425612703
9.78637961980543,7.2,2975.54038148207,2.27076224915615
9.57452628472229,7.2,2996.4523381019,2.19471877053853
9.36648131748368,7.2,3015.82868226207,2.12425933722886
9.16333247576418,7.2,3033.807647346,2.05888128237821
8.96530695658469,7.2,3050.55834471707,1.99796965557434
8.77300831191701,7.2,3066.18077565284,1.94116081580785
8.58646471970499,7.2,3080.79536968145,1.88801683752199
8.40561290792006,7.2,3094.50614095242,1.83815948744574
8.23069816996204,7.2,3107.37647800372,1.79135826180462
8.06139763325273,7.2,3119.49824076007,1.74727912450884
7.89784208212036,7.2,3130.91894413657,1.70574929404882
7.73965558300105,7.2,3141.71275623562,1.66649906823412
7.58690517642425,7.2,3151.91564380542,1.62939765888941
7.43930306722037,7.2,3161.58159463192,1.59424874679306
7.29656916074011,7.2,3170.75832609227,1.56087881420996
7.15872572462127,7.2,3179.46985268983,1.52920053567337
7.02539158922437,7.2,3187.762284024,1.49904623991277
6.89657710260031,7.2,3195.65407811803,1.47034880684358
6.77200734545109,7.2,3203.17885892074,1.44298596756098
6.65142411629779,7.2,3210.36668964838,1.41684840127865
6.5348326571813,7.2,3217.23006001986,1.39189069083693
6.42190319123812,7.2,3223.79967693695,1.36800117477478
6.31264183572497,7.2,3230.08516107538,1.34514486881685
6.20681650190309,7.2,3236.10878785561,1.32324077143417
6.10421125804839,7.2,3241.89065305491,1.30221580707309
6.00483614312133,7.2,3247.43721136912,1.28204650411233
5.90841710093513,7.2,3252.77004346806,1.26265438738888
5.81496738998939,7.2,3257.8940449451,1.24402165474511
5.72429741106013,7.2,3262.82471840107,1.22609193308706
5.6362311463519,7.2,3267.5761503964,1.20881399855858
5.55078661124755,7.2,3272.1514826593,1.19217642669349
5.46773766210465,7.2,3276.56654958695,1.17612163786566
5.38710517571994,7.2,3280.82361465792,1.16064140124394
5.30873505127811,7.2,3284.93390919378,1.14569487565902
5.23248416222401,7.2,3288.90769920534,1.13124473016242
5.15837703514858,7.2,3292.74624762971,1.11728637225564
5.0862262052298,7.2,3296.46158714904,1.10377604673081
5.01605818639938,7.2,3300.05447459486,1.09071100147329
4.94774707789276,7.2,3303.53332247135,1.07806064555878
4.88117576941209,7.2,3306.90585868181,1.06579687752073
4.8163731246384,7.2,3310.17225981855,1.05391905520533
4.75318236059265,7.2,3313.34193799958,1.04239295272883
4.69163352778376,7.2,3316.41477534517,1.03121899874486
4.6316228197874,7.2,3319.39725196966,1.02037362920124
4.5730534922258,7.2,3322.29534620175,1.00983510472094
4.5159568855693,7.2,3325.10860283148,0.999605080612857
4.46020053655408,7.2,3327.84456416655,0.989656130303486
4.4058163650679,7.2,3330.50260466723,0.979990528482838
4.3527178812181,7.2,3333.08783621902,0.970589686476299
4.30082431225529,7.2,3335.60499256268,0.961436390681221
4.25016809907022,7.2,3338.05325509548,0.952533617834673
4.20063617417272,7.2,3340.4387922286,0.943858937350565
4.15226113160722,7.2,3342.76068958898,0.935415674221919
4.10493654833089,7.2,3345.02466740882,0.927183027604326
4.05869504278967,7.2,3347.22973645202,0.919164594719965
4.01346842675599,7.2,3349.3796899787,0.911346581895668
3.96919283385103,7.2,3351.47805666614,0.903716157577689
3.92590072043938,7.2,3353.523766281,0.896277213523701
3.88350001317872,7.2,3355.52160870141,0.889012331994942
3.84202295237275,7.2,3357.47047633934,0.881925540584242
3.80141130041867,7.2,3359.37349781895,0.875005462476583
3.76161040082651,7.2,3361.23359188707,0.868241484047067
3.72265204308747,7.2,3363.04961425645,0.861637766340186
3.68445586592456,7.2,3364.82563250445,0.855179518165679
3.64705329085213,7.2,3366.56048817611,0.848870952086898
3.61039411236362,7.2,3368.25679969838,0.842702546551391
3.57443112072948,7.2,3369.91701622406,0.836665395548918
3.53919510883361,7.2,3371.53997000033,0.830763745453369
3.50461537149763,7.2,3373.12915757128,0.824984881559043
3.47072224304037,7.2,3374.68341133798,0.819333049680106
12.007146867997,7.4,2685.47809292695,3.68917057117486
12.0219145712449,7.4,2743.70811455278,3.47742503799006
11.9501159038912,7.4,2795.12131196657,3.29046795648522
11.8196267431844,7.4,2840.78653816971,3.12441258847382
11.6495381923269,7.4,2881.67227701845,2.97573717447842
11.4536035735114,7.4,2918.44136028893,2.84203141713122
11.2412656277275,7.4,2951.70846422595,2.72106013008753
11.0191640281207,7.4,2981.97189033766,2.61101130786313
10.79247911563,7.4,3009.58290453841,2.51060761986034
10.5643629386786,7.4,3034.91040108552,2.41850763241635
10.3376185953045,7.4,3058.19428096778,2.33383897829903
10.1138321634148,7.4,3079.6871252715,2.25568318083094
9.89406861391663,7.4,3099.6017012139,2.18326654104039
9.67947697478543,7.4,3118.0800819946,2.11607242911059
9.47029724040524,7.4,3135.29607651487,2.05346881267323
9.26716695911659,7.4,3151.35246386552,1.99508194957997
9.07011589604694,7.4,3166.37301883938,1.94046174967506
8.87907721523404,7.4,3180.46464486787,1.88921947320777
8.69431002675832,7.4,3193.69249128171,1.8411182135211
8.51547327154609,7.4,3206.15096967017,1.79581465574489
8.34270510063539,7.4,3217.88891480714,1.75313121888316
8.17560840519228,7.4,3228.98255502005,1.71279070901808
8.01425400194866,7.4,3239.46885613345,1.67465870496933
7.85833788505037,7.4,3249.40330559401,1.63853343420363
7.70756418291189,7.4,3258.83494626159,1.60423655904879
7.56195641744376,7.4,3267.78845970909,1.57167832833064
7.42111194880304,7.4,3276.31123635809,1.54068641324331
7.28504170791701,7.4,3284.42224695474,1.51119182925553
7.15345529006417,7.4,3292.15604944641,1.48306891110401
7.02607995000941,7.4,3299.54354213871,1.45620530131383
6.90292122506308,7.4,3306.59756168717,1.43055432113757
6.78363076296722,7.4,3313.34966796307,1.40600120740705
6.66821502554632,7.4,3319.80974888313,1.38251000406138
6.5564288511619,7.4,3326.00069862948,1.35999745952918
6.4480441452691,7.4,3331.94317119543,1.33838846838031
6.34307151229442,7.4,3337.64380057391,1.31765890700398
6.24122145924434,7.4,3343.12476689783,1.29772812037156
6.14250799143207,7.4,3348.39110174923,1.27857781182101
6.04673083004766,7.4,3353.45873835675,1.26015004233913
5.95370404271314,7.4,3358.34215457418,1.24239216518485
5.86344665956661,7.4,3363.04457939994,1.22529243854569
5.77571979893654,7.4,3367.58228707558,1.20879168336156
5.69054551355019,7.4,3371.95760395408,1.19288144016701
5.60776102253101,7.4,3376.18207333815,1.17751973331583
5.52721513741135,7.4,3380.26624640559,1.16266819488881
5.4489337662954,7.4,3384.21142117508,1.14832210481791
5.37271888500002,7.4,3388.02996456995,1.13443649247295
5.29859850091138,7.4,3391.72265444482,1.12100852929162
5.22643962163241,7.4,3395.29813698454,1.10800677460169
5.15611854037466,7.4,3398.76435475641,1.09540234634036
5.08766574662835,7.4,3402.12148925805,1.08319458451621
5.02091562627447,7.4,3405.37921405522,1.07134831252651
4.95589992248175,7.4,3408.53740799375,1.05986397093186
4.89250898170472,7.4,3411.60273119114,1.04871734112316
4.83064061022955,7.4,3414.58132804079,1.0378860798517
4.77032791384626,7.4,3417.47273068801,1.02737188840725
4.71143096801149,7.4,3420.28469094906,1.01714657836708
4.65398349056968,7.4,3423.01656590808,1.00721248760701
4.5978941198981,7.4,3425.67360944743,0.997550511100271
4.54307753354772,7.4,3428.26068680063,0.988142957088627
4.48956799971258,7.4,3430.77695662601,0.978992884996373
4.43724608213179,7.4,3433.2287586795,0.970077241165508
4.38614621077981,7.4,3435.61515318878,0.961399442949928
4.33615596810595,7.4,3437.94201928139,0.952938111704052
4.28730980986063,7.4,3440.20834024245,0.944696944572925
4.23953570696703,7.4,3442.41801470043,0.936661764725744
4.19276619563455,7.4,3444.57466935142,0.928819384176718
4.14703556040264,7.4,3446.67720423335,0.921173802787852
4.10224654169906,7.4,3448.73054227655,0.91370711899439
4.05843319583226,7.4,3450.73354512665,0.906423472266754
4.01553400484065,7.4,3452.68942831403,0.89931116976723
3.97349123358935,7.4,3454.60119166181,0.89235930304799
3.93233846218137,7.4,3456.46765909701,0.88557214873818
3.89199080281715,7.4,3458.29301118523,0.878934504780991
3.85248144689573,7.4,3460.07605729222,0.872450700755607
3.81375736097692,7.4,3461.81948857899,0.866110950621892
3.77576867614117,7.4,3463.52582223038,0.859906100980457
3.73854791974806,7.4,3465.193858056,0.853840516160022
3.70202040399733,7.4,3466.82718972614,0.84790112826861
3.66621817185383,7.4,3468.42461720858,0.842092301059752
12.6649525766168,7.6,2758.05858192505,3.78887788390892
12.6805293213136,7.6,2817.86238791914,3.57140949847589
12.6047971988458,7.6,2870.66513120899,3.37939952287644
12.4671592528555,7.6,2917.56455271491,3.20885617194584
12.2877524833607,7.6,2959.55531153254,3.05616250351809
12.0810836816298,7.6,2997.31815381033,2.91884307705334
11.8571129046306,7.6,3031.48436866456,2.79460229576521
11.6228435767766,7.6,3062.56572521172,2.68157918104828
11.3837398414686,7.6,3090.92298303953,2.57846187985627
11.1431264305718,7.6,3116.93500652035,2.48387270356239
10.9039600084883,7.6,3140.84818045348,2.39691570744191
10.6679135456331,7.6,3162.92191244108,2.31664759112335
10.4361103568272,7.6,3183.37472016571,2.24227374485199
10.2097624189854,7.6,3202.35251664319,2.17326357584297
9.98912287446747,7.6,3220.03380831265,2.1089679697722
9.77486419939011,7.6,3236.52415207818,2.04900308335209
9.56701778954892,7.6,3251.95066799728,1.99290666182812
9.36551314740582,7.6,3266.4231487833,1.9402794589698
9.17062357826124,7.6,3280.00850455968,1.89087816523759
8.98198933828575,7.6,3292.80369858026,1.84435018698085
8.79975614705484,7.6,3304.85888547769,1.80051314371749
8.62350514032009,7.6,3316.25235380446,1.75908234980196
8.45331101447368,7.6,3327.02206846146,1.71991975104926
8.28885310884832,7.6,3337.2250165561,1.68281812161418
8.12981934267737,7.6,3346.91156643091,1.6475943038876
7.97623452650798,7.6,3356.10706672834,1.61415612098787
7.82767396206881,7.6,3364.86018869219,1.5823265865739
7.68414917913275,7.6,3373.19041579145,1.55203485166752
7.54535386329675,7.6,3381.13323997209,1.52315185464701
7.41100032711046,7.6,3388.72039462904,1.49556220134897
7.281094411243,7.6,3395.96506335449,1.46921795143825
7.15526867912727,7.6,3402.8996589892,1.44400124003932
7.03352994659563,7.6,3409.53433669088,1.41987513930594
6.91561962094837,7.6,3415.89260940335,1.39675414762423
6.80129711159176,7.6,3421.99568933594,1.37456112968752
6.69057360391062,7.6,3427.85038977871,1.35327130989564
6.58314374517847,7.6,3433.4794903276,1.33280185335424
6.47902230798277,7.6,3438.88815855336,1.31313396889691
6.37799804133626,7.6,3444.09275831244,1.29420815159115
6.2798748266459,7.6,3449.10815875196,1.27597033181108
6.18467273660676,7.6,3453.93767614058,1.25840845039793
6.09213980253092,7.6,3458.5980245642,1.24146172885747
6.0022992852936,7.6,3463.09159325023,1.22512147909008
5.91497948614697,7.6,3467.43023748253,1.20934459097269
5.83002093383668,7.6,3471.62479360584,1.19409165961516
5.74745095582978,7.6,3475.67659472045,1.17935783738022
5.66706067928449,7.6,3479.59834199086,1.16509693821512
5.58887964595798,7.6,3483.39083429478,1.15130605710995
5.51276757752931,7.6,3487.06295149774,1.13795290364465
5.43859398999373,7.6,3490.622850831,1.12500781516003
5.36639104319338,7.6,3494.07071869756,1.11247011382709
5.29598404992021,7.6,3497.41649011087,1.10030367232416
5.22740649237696,7.6,3500.66004064233,1.08850894311886
5.160542709702,7.6,3503.80821041263,1.07706105304503
5.09528490954846,7.6,3506.86730987983,1.06593705498246
5.03166801139108,7.6,3509.83685854454,1.05513869620168
4.96954442498829,7.6,3512.72481773156,1.04463702643072
4.9089497154003,7.6,3515.53052714894,1.03443444673114
4.84978751580221,7.6,3518.25938267584,1.02451133572424
4.79196782939611,7.6,3520.91638103859,1.01484952349607
4.73552680174238,7.6,3523.50065815654,1.00545215215807
4.68033845332262,7.6,3526.0187251304,0.99629554498041
4.62643910034068,7.6,3528.46961678857,0.987383211677937
4.57371016650501,7.6,3530.85937115396,0.978693195803816
4.52218799520752,7.6,3533.18694403289,0.970229294425886
4.47179661129346,7.6,3535.45633942217,0.96197694755582
4.4224648550012,7.6,3537.67128203669,0.953922610775708
4.37422888913204,7.6,3539.8306421857,0.946070392052041
4.32698612579531,7.6,3541.93947585169,0.938401905993878
4.28077248705779,7.6,3543.99661391396,0.930921403949265
4.23552308472624,7.6,3546.0053588091,0.923616877057838
4.19117702067447,7.6,3547.96879143656,0.916477122048912
4.14776971467509,7.6,3549.88570393757,0.909506531136135
4.10521162839173,7.6,3551.76038986601,0.902689491396344
4.06353777159807,7.6,3553.59162640833,0.896030449424315
4.02269220544264,7.6,3555.38217745961,0.889519354692393
3.9826223289614,7.6,3557.13462823671,0.883146806411996
3.9433624515095,7.6,3558.84774611167,0.876917286866675
3.90483379355182,7.6,3560.525221881,0.870817374978216
3.86707015351148,7.6,3562.16582307919,0.864851552439348
13.3402997707999,7.8,2830.63907092314,3.88858519664315
13.3567071313844,7.8,2892.0166612855,3.66539395896189
13.2769366616658,7.8,2946.20895045141,3.46833108926763
13.1319592961177,7.8,2994.34256726011,3.29329975541783
12.9429858221556,7.8,3037.43834604664,3.13658783255777
12.7252965926317,7.8,3076.19494733175,2.99565473697554
12.4893827755847,7.8,3111.2602731032,2.86814446144297
12.24262124673,7.8,3143.15956008581,2.75214705423344
11.9907675199962,7.8,3172.26306154067,2.6463161398522
11.7373236155823,7.8,3198.95961195519,2.54923777470844
11.4854038593572,7.8,3223.50207993919,2.45999243658479
11.2367704313773,7.8,3246.15669961068,2.37761200141575
10.9926065462154,7.8,3267.14773911753,2.3012809486636
10.754188808364,7.8,3286.62495129179,2.23045472257535
10.5217838587714,7.8,3304.77154011045,2.16446712687117
10.2961000327377,7.8,3321.69584029087,2.1029242171242
10.0771704002111,7.8,3337.5283171552,2.04535157398111
9.86492070443563,7.8,3352.38165269875,1.99133944473184
9.65963882447104,7.8,3366.32451783766,1.94063811695399
9.46094583347193,7.8,3379.45642749037,1.8928857182169
9.26899522137894,7.8,3391.82885614825,1.84789506855183
9.08334578838478,7.8,3403.52215258889,1.80537399058592
8.90407621399945,7.8,3414.5752807895,1.76518079712919
8.7308487386143,7.8,3425.04672751821,1.72710280902479
8.56333464003672,7.8,3434.98818660025,1.69095204872646
8.40156005181393,7.8,3444.42567374761,1.65663391364508
8.24507762902168,7.8,3453.40914102629,1.62396675990444
8.09389951624759,7.8,3461.95858462815,1.5928778740795
7.94770306514887,7.8,3470.11043049776,1.56323479819
7.80618524760083,7.8,3477.89724711937,1.53491910138415
7.66935221572107,7.8,3485.33256502181,1.50788158173893
7.53681693971827,7.8,3492.44965001532,1.48200127267159
7.40858659887297,7.8,3499.25892449862,1.4572402745505
7.28438881126252,7.8,3505.78452017721,1.43351083571925
7.16397015701637,7.8,3512.04820747645,1.41073379099474
7.04734241796997,7.8,3518.05697898351,1.38888371278729
6.93418395873752,7.8,3523.83421375737,1.36787558633688
6.8245103396415,7.8,3529.38521535749,1.34769012597281
6.71809904492587,7.8,3534.72677826813,1.32826626084322
6.61474349815025,7.8,3539.87416292974,1.30954849843735
6.51446484236799,7.8,3544.83077288121,1.29152446225017
6.41699767288783,7.8,3549.61376205283,1.27413177435337
6.32236649095019,7.8,3554.22558254639,1.25736151801316
6.23039044212608,7.8,3558.6784016269,1.2411694486295
6.14090155150003,7.8,3562.98334080609,1.22551512434151
6.0539286037518,7.8,3567.14176826582,1.2103935699425
5.96925158808322,7.8,3571.16671941176,1.19575738395726
5.88690162153913,7.8,3575.05901414474,1.18160358492828
5.80673094558346,7.8,3578.82776601093,1.16789903268756
5.72860211826933,7.8,3582.4813469056,1.15461328397967
5.65254901433351,7.8,3586.01994813707,1.141745643138
5.57838763152982,7.8,3589.45376616651,1.1292590321218
5.50615323746938,7.8,3592.78267329091,1.11715391530582
5.43572400377919,7.8,3596.01368963411,1.1054047649669
5.36698639018257,7.8,3599.15329171887,1.09398803011322
5.29997717820377,7.8,3602.20098640108,1.08290550399611
5.23454090748449,7.8,3605.16494451407,1.07212747449432
5.17071503955972,7.8,3608.0444883898,1.06165640585531
5.10839806893045,7.8,3610.84515590425,1.05147216034821
5.04749519980047,7.8,3613.57207527654,1.04155608990352
4.98804450515966,7.8,3616.22435968708,1.03191141931977
4.92991328774522,7.8,3618.80869158129,1.02251384879535
4.87313980028985,7.8,3621.32408038837,1.01336698040595
4.81759914352804,7.8,3623.77672302653,1.00444827990354
4.76332959883034,7.8,3626.16554782333,0.995761644278846
4.71025113973525,7.8,3628.4946641439,0.987292130385855
4.65828881195096,7.8,3630.76789472196,0.979025837374738
4.60748070662755,7.8,3632.98408013806,0.970966981316191
4.55771876546747,7.8,3635.14840942683,0.963096692993365
4.50904082604934,7.8,3637.25968270126,0.955419335631817
4.46137854007545,7.8,3639.32128930417,0.947922584348486
4.41466776208186,7.8,3641.3363912113,0.940594941049834
4.36894580056867,7.8,3643.30374877814,0.93344091353409
4.32411834264831,7.8,3645.2277685468,0.926444478011696
4.28022226495914,7.8,3647.10719552443,0.919610198093024
4.23719864576079,7.8,3648.94486634022,0.912927758762854
4.19499207919017,7.8,3650.74343424304,0.906387511843535
4.15363870411792,7.8,3652.50163416734,0.899994057573367
4.11305554016111,7.8,3654.22325403586,0.893733621687822
4.07327818801335,7.8,3655.90702894979,0.887610803818984
14.0331884505466,8,2903.21955992127,3.98829250937737
14.0504480014571,8,2966.1709346519,3.75937841944773
13.9665342923515,8,3021.75276969385,3.55726265565881
13.8140268729718,8,3071.12058180534,3.37774333888977
13.6152382087114,8,3115.32138056073,3.21701316159736
13.3862423065165,8,3155.07174085315,3.07246639689766
13.1380752405893,8,3191.03617754181,2.94168662712074
12.8784970379809,8,3223.75339495988,2.82271492741867
12.613562151213,8,3253.60314004178,2.71417039984805
12.3469544937098,8,3280.98421739001,2.61460284585456
12.0819501479106,8,3306.15597942489,2.52306916572767
11.8204028206473,8,3329.39148678026,2.43857641170816
11.5635571820811,8,3350.92075806934,2.36028815247512
11.3127561429213,8,3370.89738594037,2.28764586930772
11.068280193317,8,3389.50927190823,2.21996628397006
10.8308744591592,8,3406.86752850353,2.15684535089624
10.6005737280331,8,3423.10596631311,2.09779648613417
10.3772998863233,8,3438.34015661418,2.04239943049387
10.1613557653875,8,3452.64053111563,1.99039806867048
9.95234275710433,8,3466.10915640046,1.94142124945286
9.75042232360752,8,3478.7988268188,1.89527699338624
9.55513034938617,8,3490.7919513733,1.85166563136988
9.36654960052584,8,3502.12849311751,1.81044184320905
9.18432477434811,8,3512.86843848029,1.77138749643532
9.00811007498971,8,3523.06480676957,1.73430979356525
8.83793299336154,8,3532.74428076686,1.69911170630239
8.67332294966159,8,3541.95809336038,1.66560693323501
8.51429271926153,8,3550.72675346486,1.63372089649145
8.36050289562048,8,3559.08762102343,1.60331774173303
8.21163471148057,8,3567.07409960971,1.57427600141929
8.06769463849722,8,3574.70006668913,1.54654521203957
7.92827554474016,8,3581.99964104145,1.52000130530386
7.79338498237825,8,3588.98351230637,1.49460540979506
7.66273642210428,8,3595.67643095108,1.4702675238143
7.53606328154292,8,3602.10072561697,1.44690645230196
7.41337795447238,8,3608.26356818831,1.42449611567895
7.29434209992149,8,3614.18893718714,1.40294931931956
7.17897208640821,8,3619.88227216162,1.38224628304867
7.06703384081655,8,3625.36079822381,1.36232437009529
6.9583100572261,8,3630.64016710751,1.34312666506362
6.85282297685034,8,3635.72386962185,1.32464047410241
6.75029341000725,8,3640.62949954146,1.30680181984927
6.65074713051993,8,3645.35957184254,1.28960155693627
6.55399389046825,8,3649.92656577127,1.27299430628632
6.45985699040144,8,3654.34188800634,1.2569385890679
6.36836671006138,8,3658.60694181119,1.24142930250481
6.27929161139621,8,3662.73509683267,1.22641782969944
6.19266442765492,8,3666.72719399469,1.21190111274661
6.10832972579489,8,3670.59258052412,1.19784516173048
6.02614292520144,8,3674.3398429802,1.18421875279934
5.94613966004871,8,3677.96917757657,1.17102117244888
5.86812637110333,8,3681.49104222216,1.15821439191945
5.79214015775901,8,3684.90530593949,1.14579888749281
5.71805286393632,8,3688.21916885559,1.13374847688882
5.64574505213186,8,3691.43927355791,1.12203900524398
5.57525541428433,8,3694.56511425761,1.11067231179054
5.50642041550008,8,3697.60507129658,1.09961792255796
5.43927946304799,8,3700.55844963066,1.08887836497944
5.3737257792828,8,3703.43092913266,1.07843298497219
5.30965964476079,8,3706.2277695145,1.06826265631097
5.2471211099644,8,3708.94806121761,1.05837068648147
5.18597058539958,8,3711.59865803219,1.04873215261026
5.12624831062733,8,3714.17854398817,1.039350749134
5.06782289917506,8,3716.6940748991,1.03020336400331
5.01073462072909,8,3719.14415161376,1.02129399413181
4.95489929229242,8,3721.53298886563,1.01260731321593
4.90023806648383,8,3723.86450740724,1.00412906397373
4.8467910128892,8,3726.13751809041,0.995863570580381
4.79444446071552,8,3728.35734300197,0.987791479992853
4.74323821280691,8,3730.52275148857,0.979917267314328
4.6931003708883,8,3732.63721979925,0.972228291639134
4.64396345781153,8,3734.70399098605,0.964712760050796
4.59586671986208,8,3736.7217936187,0.957375295932044
4.54871094558689,8,3738.69514722758,0.950199464627009
4.50253492697895,8,3740.62276464054,0.943189946761732
4.45727668193137,8,3742.50755522084,0.936336162833356
4.41287792682749,8,3744.35224024937,0.929628217275074
4.36937667757332,8,3746.15552222301,0.92307082828002
4.32668564382519,8,3747.92128619072,0.916649868397428
4.28484227535943,8,3749.64823482039,0.910370055198619
14.7436186158561,8.2,2975.80004891936,4.08799982211144
14.7617519315317,8.2,3040.32520801826,3.85336287993372
14.6735900909026,8.2,3097.29658893627,3.64619422205
14.5133619834165,8.2,3147.89859635055,3.46218692236171
14.3045096430282,8.2,3193.20441507483,3.29743849063707
14.0639208232846,8.2,3233.94853437457,3.14927805681986
13.8031902996449,8.2,3270.81208198045,3.01522879279842
13.5304709505293,8.2,3304.34722983397,2.89328280060383
13.2521237351189,8.2,3334.94321854292,2.78202465984398
12.9720190649544,8.2,3363.00882282485,2.6799679170006
12.6935988741494,8.2,3388.8098789106,2.58614589487063
12.4188107134433,8.2,3412.62627394986,2.49954082200057
12.1489622644248,8.2,3434.69377702117,2.41929535628672
11.8854644226572,8.2,3455.16982058898,2.34483701604018
11.6286118781042,8.2,3474.24700370603,2.27546544106903
11.3791874786547,8.2,3492.03921671621,2.21076648466836
11.1372277730155,8.2,3508.68361547103,2.15024139828724
10.902650693069,8.2,3524.29866052963,2.09345941625598
10.6757744010108,8.2,3538.95654439362,2.04015802038688
10.4561801091833,8.2,3552.76188531057,1.98995678068891
10.2440374537407,8.2,3565.76879748937,1.94265891822058
10.0388588233244,8.2,3578.06175015772,1.89795727215376
9.84073117405297,8.2,3589.68170544555,1.85570288928898
9.64928121605,8.2,3600.6901494424,1.81567218384592
9.46414564753658,8.2,3611.1414269389,1.77766753840403
9.28535335115098,8.2,3621.06288778613,1.74158949895962
9.11240992398871,8.2,3630.50704569449,1.7072471065656
8.94532878817462,8.2,3639.49492230158,1.67456391890342
8.7837533547117,8.2,3648.0648115491,1.64340068527603
8.62734871874967,8.2,3656.25095210003,1.61363290145447
8.47612167957157,8.2,3664.06756835644,1.58520884234026
8.32964449419305,8.2,3671.54963206757,1.55800133793613
8.18792509711153,8.2,3678.70810011412,1.53197054503962
8.05066245347369,8.2,3685.56834172494,1.50702421190935
7.91757648517137,8.2,3692.15324375748,1.48307911360921
7.78868021341791,8.2,3698.4701573931,1.4601085185706
7.66361816873038,8.2,3704.5436606169,1.43802305230224
7.542407548283,8.2,3710.37932896575,1.41680244012461
7.42480242900823,8.2,3715.99481817949,1.39638247934736
7.31057450387355,8.2,3721.40617128529,1.37670483168989
7.19974714005372,8.2,3726.61696636248,1.35775648595465
7.09202701388921,8.2,3731.64523703008,1.33947186534522
6.98744120400281,8.2,3736.49356113869,1.32184159585935
6.88578983117352,8.2,3741.17472991564,1.30481916394317
6.78688725054082,8.2,3745.70043520659,1.28836205379425
6.69076527475855,8.2,3750.07211535656,1.27246503506708
6.59718074922346,8.2,3754.30347425358,1.25707827544157
6.50616806430526,8.2,3758.39537384465,1.24219864056494
6.41756391816356,8.2,3762.35739503731,1.22779129077344
6.33121641079006,8.2,3766.19833905479,1.21382422161897
6.24716298033897,8.2,3769.91840701607,1.20029670175979
6.16520026864073,8.2,3773.5283182778,1.18716975171713
6.08536725324583,8.2,3777.02793858806,1.17444385967981
6.00752929017338,8.2,3780.42464807707,1.16209218881069
5.93156089539631,8.2,3783.72525539695,1.15008998037478
5.85750271963274,8.2,3786.92924211414,1.13843911958501
5.78518294903504,8.2,3790.04519807908,1.12710837062156
5.71464298586506,8.2,3793.07241087152,1.11610032410361
5.64577064685925,8.2,3796.01670236106,1.10539380959616
5.57846116427707,8.2,3798.88346375245,1.09496922271841
5.51275661615661,8.2,3801.67176274814,1.08482995364317
5.44851034628568,8.2,3804.38862448308,1.0749504564252
5.38576463135309,8.2,3807.03300758796,1.065334517862
5.32438143344605,8.2,3809.61142677167,1.05595844810307
5.26440306090374,8.2,3812.1227554042,1.04682634398481
5.20574106896497,8.2,3814.57131358736,1.03792249604601
5.14831261859981,8.2,3816.96112009251,1.02923229057276
5.09215980791694,8.2,3819.29095604276,1.02076015984457
5.03716321153949,8.2,3821.56627657711,1.01248626699238
4.98336464733049,8.2,3823.78582027588,1.00441519899684
4.93068857716474,8.2,3825.95315029432,0.996533998929781
4.87906410786347,8.2,3828.07159076079,0.988830579051719
4.82853247255533,8.2,3830.13983845925,0.981309678330038
4.77898943720744,8.2,3832.16252590836,0.973954451242362
4.73047575765748,8.2,3834.13833375664,0.966769695430441
4.68292631395437,8.2,3836.07024410145,0.959744566903897
4.63627987187336,8.2,3837.96104625569,0.952868922706614
4.59057637187568,8.2,3839.80941027867,0.946147598986673
4.54572410454405,8.2,3841.61931834558,0.939566115107034
4.50176241554972,8.2,3843.38944069099,0.933129306578255
15.4715902667289,8.4,3048.38053791746,4.18770713484567
15.4906189216077,8.4,3114.47948138462,3.94734734041956
15.3981040573189,8.4,3172.84040817868,3.73512578844118
15.2299646274524,8.4,3224.67661089575,3.54663050583366
15.0108001251057,8.4,3271.08744958892,3.37786381967674
14.7583321429358,8.4,3312.82532789597,3.22608971674206
14.4847279527511,8.4,3350.58798641906,3.08877095847618
14.1985429843753,8.4,3384.94106470803,2.96385067378898
13.9064522717137,8.4,3416.28329704403,2.84987891983991
13.6125173293162,8.4,3445.03342825967,2.74533298814665
13.3203500380728,8.4,3471.4637783963,2.64922262401351
13.0319941097649,8.4,3495.86106111944,2.56050523229297
12.7488217932457,8.4,3518.46679597298,2.47830256009833
12.4723136475719,8.4,3539.44225523756,2.40202816277256
12.2027789131331,8.4,3558.98473550381,2.330964598168
11.9410390912241,8.4,3577.21090492888,2.26468761844048
11.6871325351576,8.4,3594.26126462893,2.2026863104403
11.4409731246726,8.4,3610.25716444506,2.14451940201802
11.2028947313408,8.4,3625.27255767159,2.08991797210336
10.9724578897086,8.4,3639.41461422066,2.03849231192495
10.7498406117783,8.4,3652.73876815991,1.99004084305491
10.5345312101992,8.4,3665.33154894213,1.94424891293772
10.3266209345807,8.4,3677.23491777356,1.90096393536891
10.1257180637198,8.4,3688.51186040448,1.85995687125645
9.93144135767715,8.4,3699.21804710822,1.82102528324282
9.74382112518204,8.4,3709.38149480538,1.78406729161685
9.56233855200282,8.4,3719.05599802857,1.7488872798961
9.3870077229867,8.4,3728.26309113828,1.7154069413154
9.21745444242246,8.4,3737.04200207477,1.683483628819
9.05332726940815,8.4,3745.42780459036,1.65298980148963
8.89463333894401,8.4,3753.43507002376,1.62387247264094
8.74092378807688,8.4,3761.0996230937,1.59600137056841
8.5922069430728,8.4,3768.43268792187,1.56933568028414
8.44816690537075,8.4,3775.46025249881,1.54378090000436
8.30850976790182,8.4,3782.20576189799,1.51925177491643
8.17324919480659,8.4,3788.6767465979,1.49572092146225
8.04201216516419,8.4,3794.89838404667,1.47309678528488
7.91481672526582,8.4,3800.87638576988,1.45135859720047
7.79140480950095,8.4,3806.62883813518,1.43044058859938
7.6715368380925,8.4,3812.17217546307,1.41028299831616
7.55523733197819,8.4,3817.51006310312,1.39087249780689
7.44219848453369,8.4,3822.66097451871,1.37214191084108
7.33244871139889,8.4,3827.62755043485,1.35408163478242
7.22577826424193,8.4,3832.42289406001,1.33664402159999
7.12199233191822,8.4,3837.05898240684,1.31978551852064
7.02112429784331,8.4,3841.53728890193,1.30350076762939
6.92291900156497,8.4,3845.87185167448,1.28773872118375
6.82741253149018,8.4,3850.06355369461,1.27249616838328
6.7344335226895,8.4,3854.12220955051,1.25773741981635
6.6438225750352,8.4,3858.05683512939,1.24342969043864
6.55561897520429,8.4,3861.86763645558,1.22957223107067
6.46960932414203,8.4,3865.56559433345,1.21612511151477
6.38583452392989,8.4,3869.15057123664,1.20308883186681
6.30415328249038,8.4,3872.63012729855,1.1904359007326
6.22443391997594,8.4,3876.01123723599,1.17814095550554
6.14671909424904,8.4,3879.29336997067,1.16620592737944
6.0708285080894,8.4,3882.48532486159,1.1545988186852
5.99680560801097,8.4,3885.58637211237,1.14332228322778
5.92453267165983,8.4,3888.60247558947,1.13235463422013
5.85389975834932,8.4,3891.5391579904,1.12167578912586
5.78495102373629,8.4,3894.39546427867,1.11128922080487
5.71753257040356,8.4,3897.17859093398,1.1011687602401
5.65168876246716,8.4,3899.88747118776,1.09131828659001
5.58727474634103,8.4,3902.52877864424,1.0817135322028
5.52433491935434,8.4,3905.10135919463,1.07235869383773
5.46277646975292,8.4,3907.60963830909,1.06323767887604
5.40251246829894,8.4,3910.05773277778,1.05433551717175
5.34358709171083,8.4,3912.44439399511,1.04565674910872
5.28587501793937,8.4,3914.77521015225,1.03718105399183
5.2294201296201,8.4,3917.04888906318,1.02891313067939
5.17414315890481,8.4,3919.26908078939,1.02083970622043
5.11996971223769,8.4,3921.43919053553,1.01294839805264
5.06694305864842,8.4,3923.55788329981,1.00524406072799
5.01495381751001,8.4,3925.62990458914,0.997709437857714
4.96404475699474,8.4,3927.65390287275,0.99034944409915
4.9141475418298,8.4,3929.63293298206,0.983152970974358
4.86519791432777,8.4,3931.56985226202,0.976109628138153
4.81723778702503,8.4,3933.46329833434,0.969224369693366
4.77017092231772,8.4,3935.31735050044,0.9624823618166
4.72403860858421,8.4,3937.13064656159,0.955888557957891
16.2171034031648,8.6,3120.96102691556,4.28741444757989
16.237048971686,8.6,3188.63375475099,4.04133180090556
16.1400761916006,8.6,3248.38422742109,3.82405735483237
15.9638348050799,8.6,3301.45462544095,3.6310740893056
15.7341096549443,8.6,3348.97048410301,3.45828914871641
15.4694762654702,8.6,3391.70212141736,3.30290137666414
15.1826881999082,8.6,3430.3638908577,3.16231312415387
14.8827131395189,8.6,3465.53489958212,3.03441854697414
14.5765477609976,8.6,3497.62337554517,2.91773317983585
14.2684492867952,8.6,3527.05803369452,2.81069805929277
13.9622036396814,8.6,3554.11767788201,2.71229935315639
13.6599530096126,8.6,3579.09584828904,2.62146964258538
13.3631357685445,8.6,3602.2398149248,2.53730976390985
13.0733038176652,8.6,3623.71468988616,2.45921930950494
12.7907812984037,8.6,3643.72246730161,2.38646375526689
12.5164292968676,8.6,3662.38259314156,2.3186087522126
12.2502880144601,8.6,3679.83891378686,2.25513122259329
11.9922671811342,8.6,3696.21566836051,2.19557938778005
11.7427167563776,8.6,3711.58857094957,2.13967792381977
11.5011760986803,8.6,3726.06734313076,2.08702784316091
11.2678317977205,8.6,3739.70873883048,2.03742276788924
11.0421475100109,8.6,3752.60134772656,1.99054055372168
10.8242188821092,8.6,3764.7881301016,1.94622498144876
10.6136353173576,8.6,3776.33357136659,1.90424155866706
10.4099972054115,8.6,3787.29466727756,1.86438302808168
10.2133363154549,8.6,3797.70010182465,1.82654508427408
10.0231088337041,8.6,3807.60495036268,1.79052745322669
9.83932952369804,8.6,3817.031259975,1.75624996372731
9.66160615875282,8.6,3826.01919260046,1.72356657236204
9.48957036345606,8.6,3834.6046570807,1.69234670152477
9.32322961661469,8.6,3842.80257169108,1.6625361029416
9.1621134263916,8.6,3850.64961411982,1.63400140320068
9.00623052026211,8.6,3858.15727572962,1.60670081552871
8.85524977779546,8.6,3865.35216327268,1.58053758809942
8.70886312973422,8.6,3872.2582800385,1.55542443622364
8.56708489863833,8.6,3878.88333580269,1.53133332435387
8.42952408922292,8.6,3885.25310747643,1.50817051826752
8.29619961735662,8.6,3891.373442574,1.48591475427637
8.1668409822947,8.6,3897.26285809086,1.46449869785145
8.04119705988301,8.6,3902.93817964084,1.44386116494239
7.91929355262373,8.6,3908.40315984375,1.42398850965909
7.80080782194069,8.6,3913.67671200733,1.40481195633699
7.68576965270813,8.6,3918.76153973099,1.3863216737055
7.5739591896734,8.6,3923.67105820438,1.3684688792568
7.46517223453364,8.6,3928.41752960708,1.35120898324699
7.35944377931567,8.6,3933.0024624473,1.33453650019166
7.25650636842073,8.6,3937.44022909539,1.31839916692588
7.15639782920968,8.6,3941.73173354456,1.30279369620161
7.05893853937265,8.6,3945.8870240637,1.28768354885927
6.96396141793685,8.6,3949.91533120398,1.27303515925827
6.87150764464471,8.6,3953.81686589508,1.25884776038155
6.7813535376072,8.6,3957.60287038909,1.24508047131242
6.69354196981115,8.6,3961.27320388521,1.23173380405377
6.6079248408873,8.6,3964.83560652002,1.21877961265448
6.52436412587075,8.6,3968.29721907502,1.2061919306363
6.44290453813319,8.6,3971.65749782719,1.19397273517383
6.36335709266312,8.6,3974.92545164409,1.18208926674879
6.28576732948568,8.6,3978.10033335323,1.17054424235191
6.21001185368451,8.6,3981.18824881787,1.1593154588441
6.13597542697751,8.6,3984.19485222835,1.14838235553327
6.06370433270342,8.6,3987.1191658092,1.13774848796657
5.99303725775319,8.6,3989.96855738487,1.127387064055
5.92402070396951,8.6,3992.74193478755,1.11730205531802
5.85650283785996,8.6,3995.4461305168,1.10746861630252
5.79053019608084,8.6,3998.07996298506,1.09789104369069
5.72600549465621,8.6,4000.64796303082,1.08855286170612
5.66283761558114,8.6,4003.15434546305,1.07943874377074
5.60107286427081,8.6,4005.59783194746,1.07055333837287
5.54057987991512,8.6,4007.98414372739,1.06187584099132
5.48140465967571,8.6,4010.31195785048,1.05341106236186
5.42346411610851,8.6,4012.58501128446,1.04514541351108
5.36668027093417,8.6,4014.80679031027,1.03706621705356
5.31109847814133,8.6,4016.97592814037,1.02917844312595
5.25660408649455,8.6,4019.09728326992,1.02146442447303
5.20324192499074,8.6,4021.16947198885,1.01392919276782
5.15094036555763,8.6,4023.19562186267,1.00656137504486
5.09963205419071,8.6,4025.17865826834,0.999350333569692
5.04936092302134,8.6,4027.11718639,0.992301140399979
5.00002609714616,8.6,4029.0153826553,0.985398608526206
4.95167085446291,8.6,4030.87185243219,0.978647809337487
16.9801580251644,8.8,3193.54151591368,4.38712176031396
17.0010420817665,8.8,3262.78802811738,4.13531626139155
16.8995064937482,8.8,3323.92804666354,3.91298892122371
16.7149725162985,8.8,3378.23263998618,3.7155176727777
16.474438232544,8.8,3426.85351861713,3.53871447775608
16.197353190888,8.8,3470.5789149388,3.37971303658626
15.8970710411159,8.8,3510.13979529632,3.23585528983171
15.5829814159598,8.8,3546.12873445619,3.10498642015937
15.2624102029705,8.8,3578.96345404628,2.9855874398317
14.9398149373914,8.8,3609.08263912934,2.87606313043882
14.6191596789745,8.8,3636.77157736771,2.77537608229927
14.3026874129859,8.8,3662.33063545862,2.68243405287779
13.9919041903208,8.8,3686.01283387661,2.59631696772146
13.6884349329372,8.8,3707.98712453475,2.51641045623731
13.3926190339159,8.8,3728.46019909939,2.44196291236586
13.105358095585,8.8,3747.55428135422,2.37252988598464
12.8266942109225,8.8,3765.41656294476,2.30757613474635
12.5565328624535,8.8,3782.17417227594,2.24663937354209
12.2952404761211,8.8,3797.90458422754,2.18943787553625
12.0423347360984,8.8,3812.72007204085,2.13556337439696
11.7980110115672,8.8,3826.67870950103,2.08480469272358
11.5617077227594,8.8,3839.87114651097,2.03683219450556
11.3335250166383,8.8,3852.34134242961,1.9914860275287
11.1130329769632,8.8,3864.15528232867,1.94852624607759
10.8998131907396,8.8,3875.37128744688,1.90774077292047
10.6938989219694,8.8,3886.0187088439,1.86902287693131
10.4947207690924,8.8,3896.15390269677,1.8321676265572
10.3022941903083,8.8,3905.7994288117,1.7970929861393
10.1162085037026,8.8,3914.99638312612,1.76364951590507
9.93607800089328,8.8,3923.78150957102,1.73170360155991
9.76191051258336,8.8,3932.17007335839,1.70119973324228
9.59321340913733,8.8,3940.19960514594,1.67200143583297
9.42999582867937,8.8,3947.88186353736,1.64406595077327
9.27191107074782,8.8,3955.24407404654,1.61729427619443
9.11863657066856,8.8,3962.31079817902,1.5915970975309
8.97018732491318,8.8,3969.08992500749,1.56694572724552
8.82615394090656,8.8,3975.6078309062,1.5432442512502
8.68655622455548,8.8,3981.87049937814,1.52047091135223
8.55111094738954,8.8,3987.89687804654,1.49855680710348
8.4195551692451,8.8,3993.70418381862,1.47743933156866
8.29191580199036,8.8,3999.29625658439,1.45710452151134
8.16785502611022,8.8,4004.69244949596,1.43748200183289
8.04740402793054,8.8,4009.89552902715,1.41856171262857
7.93033260746797,8.8,4014.91922234875,1.40029373691362
7.81642695838712,8.8,4019.77607680733,1.38263244797334
7.70572371917561,8.8,4024.46763599267,1.36557223275393
7.59794284979077,8.8,4029.00860651629,1.34905961266802
7.49312395746376,8.8,4033.39991339452,1.33309122401994
7.3910789682131,8.8,4037.65183857689,1.31762967790222
7.29163293949502,8.8,4041.77382727857,1.30264062807791
7.19482898866022,8.8,4045.76609533458,1.28812328969242
7.1004329090363,8.8,4049.64014644473,1.27403583111006
7.00848959088963,8.8,4053.39583653379,1.26037877624077
6.91884396536418,8.8,4057.04108574151,1.24712332457635
6.83135151308076,8.8,4060.58320091406,1.23424290576706
6.74605905128522,8.8,4064.02162568373,1.22173954296826
6.66276870275626,8.8,4067.36557842659,1.20957971481239
6.58152815028922,8.8,4070.61429459409,1.19776620147608
6.50220819293332,8.8,4073.77402204628,1.18627628346808
6.42468817016169,8.8,4076.85054646631,1.17508892194071
6.34901654305804,8.8,4079.84286733973,1.16420775512828
6.2750244083346,8.8,4082.75852383577,1.15360536786995
6.20276045586017,8.8,4085.59639838734,1.14328582404603
6.13206570800291,8.8,4088.36348238937,1.13322370040229
6.06298889108326,8.8,4091.0585667755,1.12342339354365
5.9954281436749,8.8,4093.68628775256,1.11386804453615
5.92928806044648,8.8,4096.25095814832,1.10454197036977
5.86461712559695,8.8,4098.75126989981,1.09544992763706
5.80127779746682,8.8,4101.19307730253,1.0865706279908
5.73931823749737,8.8,4103.57502663779,1.07790899404441
5.67865144877583,8.8,4105.90094177954,1.06945112080168
5.61919578395294,8.8,4108.17439008501,1.06118403605449
5.5609987310341,8.8,4110.39397298093,1.0531128255239
5.50394024416111,8.8,4112.5646619507,1.04521941108838
5.44806726164549,8.8,4114.68504110496,1.03750894143653
5.39330478513791,8.8,4116.75831074328,1.02996977911536
5.33958229146221,8.8,4118.78746427466,1.02259103900123
5.28694577986465,8.8,4120.77107444567,1.01537791110667
5.23528962902941,8.8,4122.71341481016,1.00831485523581
5.18465915318584,8.8,4124.61305830279,1.00140706071712
17.7607541327268,9,3266.12200491178,4.48682907304819
17.7825982518481,9,3336.94230148374,4.22930072187739
17.6763949637613,9,3399.47186590595,4.0019204876149
17.4833777611084,9,3455.01065453138,3.79996125624965
17.2317858579043,9,3504.73655313122,3.61913980679575
16.9419629191888,9,3549.45570846019,3.45652469650854
16.6278764763746,9,3589.91569973495,3.30939745550935
16.2993478136983,9,3626.72256933027,3.17555429334453
15.9640395976326,9,3660.30353254742,3.05344169982763
15.6266142811049,9,3691.10724456418,2.94142820158486
15.2912181559529,9,3719.42547685342,2.83845281144215
14.9601973198852,9,3745.56542262822,2.74339846317019
14.6351270585748,9,3769.78585282844,2.65532417153306
14.3177069933879,9,3792.25955918335,2.57360160296969
14.00829211967,9,3813.19793089719,2.49746206946483
13.7078254873765,9,3832.72596956691,2.42645101975676
13.416351124545,9,3850.99421210268,2.36002104689942
13.1337701686309,9,3868.13267619139,2.29769935930412
12.8604658905714,9,3884.22059750553,2.23919782725266
12.595933801963,9,3899.37280095096,2.18409890563292
12.3403782533185,9,3913.64868017159,2.13218661755791
12.0932118484446,9,3927.1409452954,2.08312383528952
11.8545393381682,9,3939.89455475765,2.03674707360863
11.623911042537,9,3951.97699329078,1.99281093348811
11.4008893136615,9,3963.44790761621,1.95109851775926
11.1855089447257,9,3974.33731586317,1.91150066958854
10.977174358168,9,3984.70285503088,1.87380779988778
10.7759017228178,9,3994.56759764842,1.83793600855128
10.5812614772721,9,4003.97357365181,1.80373245944802
10.3928501817199,9,4012.95836206136,1.77106050159513
10.2106760268503,9,4021.53757502571,1.73986336354296
10.034223736314,9,4029.74959617208,1.71000146846524
9.86350286832467,9,4037.60645134512,1.68143108601785
9.69815078422788,9,4045.13598482041,1.6540509642895
9.53783009070485,9,4052.36331631953,1.62776975883811
9.38255647363119,9,4059.29651421229,1.60255813013718
9.23190172021519,9,4065.96255433597,1.57831798423288
9.08588654686238,9,4072.36755618227,1.55502706842813
8.94421470478537,9,4078.53089800223,1.53261491635555
8.80661116617871,9,4084.4701879964,1.51101749819493
8.67310408007806,9,4090.18935332502,1.49022053336358
8.54334009704228,9,4095.70818698458,1.4701520473288
8.41735183706608,9,4101.0295183233,1.45080175155164
8.29489851762569,9,4106.16738649312,1.43211859457047
8.17575650347857,9,4111.13462400758,1.41405591269974
8.05996411742319,9,4115.93280953804,1.39660796531624
7.94722844567506,9,4120.5769839372,1.37972005841019
7.83759091625243,9,4125.06809324448,1.36338875183827
7.73085480921081,9,4129.41665309009,1.34757580694514
7.62683713970974,9,4133.63232335317,1.33224609689758
7.5255830072508,9,4137.71532477409,1.3173988190033
7.42684743842925,9,4141.67742250038,1.30299119090774
7.33067738716533,9,4145.51846918237,1.28902374842776
7.236910655921,9,4149.24656496299,1.27546703649823
7.14539608160594,9,4152.8691827531,1.26229388089783
7.05618263370514,9,4156.38575354026,1.2495063507627
6.96906333836879,9,4159.8057052091,1.23707016287599
6.8840880704216,9,4163.12825583494,1.22498816060021
6.80112168940625,9,4166.35979527469,1.21323710809205
6.72003798790183,9,4169.50624070426,1.20179548834816
6.64088765480013,9,4172.56656887026,1.19066702228998
6.56349402214775,9,4175.54849028667,1.17982367168485
6.48790801813911,9,4178.45086198714,1.16926959277404
6.41396335676982,9,4181.28083426194,1.15897878450201
6.34171100436162,9,4184.03717056594,1.14895574339661
6.27104441680896,9,4186.72461247429,1.13918322736623
6.20186380289495,9,4189.34757083359,1.12964519696876
6.1342198756892,9,4191.90470785216,1.12034651690125
6.0679687705944,9,4194.40201087767,1.11126541499029
6.00316086308504,9,4196.8380954251,1.10240692572693
5.93970515690677,9,4199.21687227461,1.09375682809233
5.87751625129399,9,4201.54198985976,1.08530185505545
5.81664381732672,9,4203.81201782149,1.07704720792186
5.75696229050966,9,4206.03204063148,1.06897439770369
5.69852076695897,9,4208.20061022106,1.06108869010524
5.64124080057061,9,4210.3209996239,1.05337818318582
5.58504862614226,9,4212.39627028099,1.04583174443277
5.52999235755492,9,4214.42496250134,1.03845468181332
5.47596151796745,9,4216.41144696502,1.03123110194538
5.42300350475296,9,4218.3542641734,1.02416631209676
18.5588917258524,9.2,3338.70249390987,4.58653638578241
18.5817174819319,9.2,3411.09657485011,4.32328518236339
18.4707416016395,9.2,3475.01568514836,4.09085205400609
18.2690505395095,9.2,3531.78866907659,3.88440483972159
18.0061525310253,9.2,3582.6195876453,3.69956513583526
17.7033054503727,9.2,3628.33250198159,3.53333635643066
17.3751045056839,9.2,3669.69160417356,3.38293962118704
17.0318123327343,9.2,3707.31640420435,3.24612216652977
16.6814359449836,9.2,3741.64361104854,3.12129595982356
16.3288473179354,9.2,3773.131849999,3.00679327273091
15.9783790706161,9.2,3802.07937633912,2.90152954058503
15.6324827303102,9.2,3828.8002097978,2.8043628734626
15.2928043733063,9.2,3853.55887178024,2.71433137534459
14.9611199990173,9.2,3876.53199383194,2.63079274970207
14.6378005556654,9.2,3897.93566269497,2.55296122656372
14.3238314722417,9.2,3917.89765777957,2.48037215352888
14.0192587553276,9.2,3936.57186126059,2.41246595905248
13.7239790996661,9.2,3954.09118010682,2.34875934506615
13.4383929997285,9.2,3970.53661078349,2.28895777896914
13.1619732962739,9.2,3986.02552986105,2.23263443686897
12.8949335229742,9.2,4000.61865084214,2.17956854239225
12.6366598870664,9.2,4014.41074407981,2.1294154760734
12.3872618466986,9.2,4027.44776708566,2.08200811968856
12.1462695140785,9.2,4039.79870425286,2.03709562089872
11.913225574177,9.2,4051.52452778553,1.99445626259812
11.6881663837237,9.2,4062.65592288242,1.95397846224577
11.4704696009305,9.2,4073.25180736497,1.91544797321837
11.2601521212263,9.2,4083.33576648512,1.87877903096327
11.056765079461,9.2,4092.95076417747,1.84381540299106
10.8598869059358,9.2,4102.13521455169,1.81041740163027
10.6695261594153,9.2,4110.90507669302,1.77852699384356
10.4851444079215,9.2,4119.29958719819,1.74800150109751
10.3067516391979,9.2,4127.33103915285,1.71879622126237
10.1339689182355,9.2,4135.02789559427,1.69080765238448
9.96644368984304,9.2,4142.41583446004,1.66394242014531
9.80419234479225,9.2,4149.50310341709,1.63817053302883
9.64676742714867,9.2,4156.31727776574,1.61339171721551
9.49419058427736,9.2,4162.8646129864,1.58958322550403
9.34615225448225,9.2,4169.16491795791,1.56667302560757
9.20236505068391,9.2,4175.23619217417,1.5445956648212
9.06285838688685,9.2,4181.08245006566,1.52333654521578
8.92726303473686,9.2,4186.72392447321,1.5028220928247
8.79561308011482,9.2,4192.16350761946,1.48304179047472
8.66765692014647,9.2,4197.4155506375,1.46394345222729
8.54316086980809,9.2,4202.49317120783,1.44547937742609
8.42216497405832,9.2,4207.39798308341,1.42764369787852
8.3043631560736,9.2,4212.14536135811,1.41038050415233
8.18979870557573,9.2,4216.73627309444,1.3936862796566
8.07826606236578,9.2,4221.18146760328,1.37752193598809
7.96957401858094,9.2,4225.49081942777,1.36185156571721
7.86376970041641,9.2,4229.6645542136,1.34667434831422
7.76059712578614,9.2,4233.71469855602,1.33194655070539
7.66010535863823,9.2,4237.64110183095,1.31766872061476
7.56212491255771,9.2,4241.45204418447,1.30381074842014
7.46649783144627,9.2,4245.15516459214,1.29034485602859
7.37327528539289,9.2,4248.74988139679,1.27727315855713
7.28224099950072,9.2,4252.24583199161,1.26456061093963
7.19344708988278,9.2,4255.6422170758,1.25221011972438
7.1067523431033,9.2,4258.9455685031,1.24019793271602
7.02202488019792,9.2,4262.16193494222,1.22850205475561
6.9393176679297,9.2,4265.29027040079,1.21712628945168
6.85844609919268,9.2,4268.33845673756,1.20604197549979
6.77946339080637,9.2,4271.30532558694,1.19525336150205
6.70219578416072,9.2,4274.19818613451,1.18473386860178
6.62669653591591,9.2,4277.01577435637,1.17448809324957
6.55285431405842,9.2,4279.76293719602,1.1644984101963
6.48056484292652,9.2,4282.44418351887,1.15474842356774
6.40988111454759,9.2,4285.05814580452,1.1452431061654
6.34065279929791,9.2,4287.61094445282,1.13596020198978
6.27293253643873,9.2,4290.1011642124,1.12690485740944
6.20662524050134,9.2,4292.53280276968,1.11806253538298
6.14164167295732,9.2,4294.9095896345,1.10941967405637
6.07803373701916,9.2,4297.23006266205,1.10098159031985
6.01567022554019,9.2,4299.49941931227,1.09272938431904
5.95460244093117,9.2,4301.71617933717,1.08466843877395
5.89474841185576,9.2,4303.88368850451,1.07678658725632
5.83603105823085,9.2,4306.00507628732,1.06907244986431
5.77850065609218,9.2,4308.07885055701,1.06153145251998
5.72204176396028,9.2,4310.10947911988,1.05414734865498
5.66670390916431,9.2,4312.095470044,1.04692556347636
19.3745708045412,9.4,3411.28298290797,4.68624369851648
19.3983997720172,9.4,3485.25084821647,4.41726964284923
19.2825464073835,9.4,3550.55950439078,4.17978362039727
19.0719908515019,9.4,3608.56668362179,3.96884842319354
18.7975382519076,9.4,3660.50262215939,3.77999046487493
18.4813807844396,9.4,3707.20929550299,3.61014801635278
18.1387551290439,9.4,3749.46750861218,3.45648178686488
17.7803749730677,9.4,3787.91023907841,3.31669003971496
17.4145992450236,9.4,3822.98368954967,3.18915021981941
17.0465140478831,9.4,3855.15645543384,3.07215834387703
16.6806424229642,9.4,3884.73327582483,2.96460626972799
16.3195436442612,9.4,3912.0349969674,2.86532728375501
15.9649361345157,9.4,3937.33189073207,2.77333857915619
15.6186739498254,9.4,3960.80442848054,2.68798389643445
15.2811443419027,9.4,3982.67339449277,2.60846038366269
14.9533760501812,9.4,4003.06934599225,2.53429328730099
14.6354171032702,9.4,4022.14951041851,2.46491087120547
14.3271596555594,9.4,4040.04968402227,2.39981933082819
14.0290218035923,9.4,4056.85262406148,2.33871773068563
13.7404532190313,9.4,4072.67825877115,2.28116996810493
13.4616768205347,9.4,4087.58862151271,2.22695046722658
13.1920518386252,9.4,4101.68054286424,2.17570711685736
12.9316925422298,9.4,4115.0009794137,2.12726916576842
12.6801083915882,9.4,4127.62041521497,2.08138030830925
12.4368219722864,9.4,4139.60114795487,2.03781400743691
12.2018712389634,9.4,4150.97452990169,1.996456254903
11.9746064973802,9.4,4161.80075969907,1.95708814654887
11.755045385534,9.4,4172.10393532184,1.91962205337517
11.5427193102695,9.4,4181.92795470316,1.88389834653401
11.3371881735412,9.4,4191.31206704203,1.84977430166541
11.1384609102786,9.4,4200.27257836035,1.81719062414425
10.9459754239602,9.4,4208.84957822433,1.78600153372979
10.7597421412992,9.4,4217.05562696061,1.75616135650689
10.5793654727708,9.4,4224.91980636815,1.72756434047953
10.4044773680833,9.4,4232.46835260057,1.70011508145256
10.2350949383965,9.4,4239.70969262189,1.67378293592046
10.0707510617071,9.4,4246.67200119551,1.64846545019817
9.91146833680032,9.4,4253.36166979053,1.62413938257992
9.7569235964802,9.4,4259.79893791361,1.60073113485968
9.60681682276065,9.4,4266.00219635196,1.57817383144747
9.46117872241676,9.4,4271.9755468063,1.55645255706802
9.31962383919402,9.4,4277.73966196184,1.5354921383206
9.18218775707674,9.4,4283.29749691561,1.51528182939779
9.04860781503039,9.4,4288.66371478187,1.4957683098841
8.91864005737558,9.4,4293.85171840808,1.47690284215244
8.79232628908109,9.4,4298.86315662878,1.45867943044083
8.66934698098642,9.4,4303.71373877902,1.4410409498945
8.54974732543356,9.4,4308.4044529444,1.42398380747493
8.43331272767801,9.4,4312.94628211648,1.40746806503101
8.31984357610866,9.4,4317.34931550236,1.39145703453688
8.20938906815714,9.4,4321.6137836531,1.37594987762509
8.10168197110692,9.4,4325.75197461167,1.36090191050303
7.99677350530836,9.4,4329.76373447953,1.34631369280172
7.8944867352744,9.4,4333.65752340595,1.33215446034201
7.79465676260181,9.4,4337.44114643118,1.31839583115935
7.69733700634856,9.4,4341.11400925332,1.30503996635156
7.60230168615201,9.4,4344.68595877411,1.29205105900323
7.50960520867281,9.4,4348.15617831666,1.27943207884851
7.41910015402446,9.4,4351.53134173151,1.26715875733999
7.33064884705,9.4,4354.81762918017,1.25520862116301
7.24430658244672,9.4,4358.01397193133,1.24358555661338
7.15988063946937,9.4,4361.12842318846,1.2322602793147
7.07742657386193,9.4,4364.15978918673,1.22123713023006
6.99676299017561,9.4,4367.11553800708,1.21048895270154
6.9179454857461,9.4,4369.99437814681,1.20002044310253
6.84085783542323,9.4,4372.80126191776,1.18981359302634
6.76539118054123,9.4,4375.54079620414,1.17985165016677
6.69160084217209,9.4,4378.21158375687,1.17013969542959
6.61932988357731,9.4,4380.81987802796,1.16065498898927
6.54863325755845,9.4,4383.36423299971,1.15140278909195
6.47941169955954,9.4,4385.84873326476,1.14236824267363
6.41157204894293,9.4,4388.27718940925,1.13353749305729
6.34516849011145,9.4,4390.64810750261,1.12491597271781
6.28006404925273,9.4,4392.96679799305,1.1164843709344
6.21631228356212,9.4,4395.23174845328,1.10824818744265
6.15382761899331,9.4,4397.44637738512,1.10019499132682
6.09252958772799,9.4,4399.61388229365,1.09231315529585
6.03247067547642,9.4,4401.73273861268,1.08460822322663
5.97353036700791,9.4,4403.80751127474,1.07706359536459
5.91576036641985,9.4,4405.8366759146,1.06968481485599
20.2077913687937,9.6,3483.8634719061,4.7859510112507
20.2326451221052,9.6,3559.40512158286,4.51125410333522
20.1118093809931,9.6,3626.10332363322,4.26871518678846
19.8921986970855,9.6,3685.34469816702,4.05329200666548
19.6059430205509,9.6,3738.38565667351,3.8604157939146
19.2761889213903,9.6,3786.08608902443,3.6869596762749
18.9188283464551,9.6,3829.24341305083,3.53002395254256
18.5450357346989,9.6,3868.50407395252,3.38725791290012
18.1635294977529,9.6,3904.32376805079,3.25700447981542
17.7796144709479,9.6,3937.18106086867,3.13752341502308
17.3980082129971,9.6,3967.38717531053,3.02768299887087
17.0213800617379,9.6,3995.26978413698,2.92629169404741
16.6515223422025,9.6,4021.10490968388,2.83234578296772
16.2903688458121,9.6,4045.07686312912,2.74517504316683
15.9383234783817,9.6,4067.41112629056,2.66395954076166
15.5964592211944,9.6,4088.24103420492,2.58821442107303
15.2648261683729,9.6,4107.72715957641,2.51735578335853
14.9433118363105,9.6,4126.0081879377,2.45087931659022
14.6323523021629,9.6,4143.16863733945,2.38847768240203
14.331373570235,9.6,4159.33098768124,2.32970549934097
14.0406081459995,9.6,4174.55859218325,2.27433239206092
13.7593877031206,9.6,4188.95034164865,2.22199875764132
13.4878314247617,9.6,4202.55419174171,2.17253021184835
13.2254276750657,9.6,4215.44212617705,2.12566499571986
12.9716785079895,9.6,4227.67776812418,2.08117175227569
12.7266235104448,9.6,4239.29313692094,2.03893404756023
12.4895850475169,9.6,4250.34971203316,1.99872831987946
12.2605815157407,9.6,4260.87210415854,1.96046507578716
12.0391241696975,9.6,4270.90514522882,1.92398129007705
11.8247539845359,9.6,4280.48891953235,1.88913120170055
11.6174802794398,9.6,4289.64008002765,1.85585425444493
11.4167167844296,9.6,4298.39956925044,1.82400156636206
11.2224743746284,9.6,4306.78021476835,1.79352649175149
11.0343404478338,9.6,4314.811717142,1.76432102857458
10.8519311254254,9.6,4322.52087074107,1.73628774275974
10.6752642544438,9.6,4329.91628182668,1.70939533881208
10.5038526238904,9.6,4337.02672462527,1.68353918318089
10.3377198044313,9.6,4343.85872659466,1.6586955396558
10.1765287307792,9.6,4350.43295786929,1.63478924411171
10.0199664824089,9.6,4356.76820052974,1.61175199807374
9.86806508666775,9.6,4362.86864354694,1.58956856892026
9.72042251041365,9.6,4368.75539945047,1.56816218381651
9.57707586795181,9.6,4374.43148621177,1.54752186832087
9.43775120227737,9.6,4379.91187892624,1.52759316754096
9.30219406618113,9.6,4385.21026560833,1.50832630687883
9.1704480624914,9.6,4390.32833017415,1.4897151630031
9.04217992041353,9.6,4395.28211619993,1.47170139563664
8.91743677582599,9.6,4400.07263279435,1.45428133529327
8.79599480514754,9.6,4404.71109662967,1.43741419407392
8.67764581229294,9.6,4409.20781157696,1.42106250335651
8.56244111047294,9.6,4413.56301309261,1.40522540693597
8.45010197439155,9.6,4417.78925066731,1.38985727030067
8.34068182717569,9.6,4421.88636712811,1.37495866498872
8.23399612407102,9.6,4425.86300262743,1.36049817226389
8.12987287507253,9.6,4429.72712827022,1.34644680629011
8.02836779657205,9.6,4433.47813710986,1.33280677414599
7.92924539832271,9.6,4437.12608555662,1.31954150706687
7.83256242679166,9.6,4440.67013955752,1.30665403797268
7.73816512216974,9.6,4444.11711495992,1.29411958196396
7.64590988845804,9.6,4447.47332341812,1.28191518757046
7.5558543983512,9.6,4450.73767346186,1.27004482377508
7.46779764297783,9.6,4453.91838963936,1.25847858312964
7.38179756730577,9.6,4457.01425278653,1.24722089895807
7.29766497481446,9.6,4460.03288987965,1.23624403680127
7.21545785385224,9.6,4462.97298193725,1.22555279295549
7.13505498090343,9.6,4465.83958663949,1.21512877585642
7.05634281573903,9.6,4468.63740888942,1.20495487676576
6.97937905856272,9.6,4471.36502170922,1.19503628469374
6.90400002343262,9.6,4474.0288116031,1.18534977598871
6.83026302644418,9.6,4476.62730178702,1.1759007207745
6.75806453408135,9.6,4479.16466375983,1.16667394996428
6.6873073792508,9.6,4481.64478918399,1.15765531205821
6.61804807660357,9.6,4484.06615234317,1.14885035511576
6.55014376164726,9.6,4486.43417667383,1.14023935754971
6.48365029485181,9.6,4488.74731756938,1.13182793611136
6.41847842198329,9.6,4491.00906626574,1.12360339539733
6.35454421463367,9.6,4493.22268829997,1.11555386072739
6.29190241570763,9.6,4495.38662666834,1.10768499393332
6.23042732711033,9.6,4497.5055434296,1.0999798420742
6.17017287651961,9.6,4499.57788178521,1.09244406623563
21.058553418609,9.8,3556.44396090419,4.88565832398493
21.0844535321941,9.8,3633.55939494923,4.60523856382106
20.9585305224676,9.8,3701.64714287563,4.35764675317964
20.7296740762604,9.8,3762.12271271222,4.13773559013742
20.431366836955,9.8,3816.2686911876,3.94084112295427
20.0877298612235,9.8,3864.96288254583,3.76377133619717
19.7153241579166,9.8,3909.01931748945,3.60356611822025
19.3257946176274,9.8,3949.09790882658,3.45782578608527
18.928226703171,9.8,3985.66384655192,3.32485873981132
18.5281485871299,9.8,4019.20566630351,3.20288848616912
18.1304764407152,9.8,4050.04107479624,3.09075972801375
17.7379919827406,9.8,4078.50457130658,2.98725610433982
17.352562996367,9.8,4104.8779286357,2.89135298677932
16.9762046869775,9.8,4129.34929777773,2.80236618989928
16.6093379651024,9.8,4152.14885808836,2.71945869786063
16.2530809852819,9.8,4173.4127224176,2.64213555484515
15.9074859506356,9.8,4193.30480873433,2.5698006955116
15.5724356419196,9.8,4211.96669185315,2.50193930235225
15.2483844954402,9.8,4229.48465061743,2.43823763411852
14.9347343498853,9.8,4245.98371659135,2.37824103057694
14.6317274993689,9.8,4261.52856285382,2.32171431689525
14.338667480553,9.8,4276.22014043308,2.2682903984252
14.0556784942943,9.8,4290.10740406975,2.21779125792828
13.7822273645112,9.8,4303.26383713916,2.16994968313038
13.5177951812865,9.8,4315.75438829352,2.12452949711456
13.262423198168,9.8,4327.61174394021,2.08141184021754
13.0154052513407,9.8,4338.89866436727,2.04036849320997
12.7767605118465,9.8,4349.64027299526,2.00130809819915
12.5459796577451,9.8,4359.88233575451,1.96406423362008
12.3225843389201,9.8,4369.66577202269,1.92848810173577
12.1065842668994,9.8,4379.00758169498,1.89451788474561
11.8973684893301,9.8,4387.94956027658,1.86200159899433
11.6949483391857,9.8,4396.50480257611,1.83089162699602
11.4988938434245,9.8,4404.70362791588,1.80107771666963
11.3088049618695,9.8,4412.57338888159,1.77246040406699
11.1247002929342,9.8,4420.12287103148,1.74500774170377
10.9460721136987,9.8,4427.38144805505,1.71861291616353
10.7729449871703,9.8,4434.3557833988,1.69325169673174
10.6049676573792,9.8,4441.06697782498,1.6688473533638
10.4418140296288,9.8,4447.53420470751,1.64533016470001
10.2835174796398,9.8,4453.76174028758,1.6226845807725
10.1296590483959,9.8,4459.7711369391,1.60083222931241
9.9802774127401,9.8,4465.56547550793,1.57976190724394
9.8350870818875,9.8,4471.16004307061,1.55941802519778
9.69382289622465,9.8,4476.56881280858,1.53974977160518
9.55653029428931,9.8,4481.79350371952,1.52075089556537
9.42286197435487,9.8,4486.85049362083,1.50236184137881
9.29286705675304,9.8,4491.74081264431,1.4845788631116
9.16631229477428,9.8,4496.47591114286,1.46736032311688
9.04298072713369,9.8,4501.06630765155,1.45066797217618
8.92292582736382,9.8,4505.51224253211,1.43450093624689
8.80585713564012,9.8,4509.82652672296,1.41881263009836
8.69183032424024,9.8,4514.00899977668,1.40360363717571
8.58065307894754,9.8,4518.06848184891,1.3888418841858
8.47214616885842,9.8,4522.01311010926,1.37449778142087
8.36636765606345,9.8,4525.84226496639,1.36057358194042
8.26307213601277,9.8,4529.56621233913,1.34703195513046
8.16231874423934,9.8,4533.18410079838,1.33387599709681
8.06394724753914,9.8,4536.70288818833,1.32108040658793
7.96780800442203,9.8,4540.12901765608,1.30862175397791
7.87396111564316,9.8,4543.46137499239,1.29650409093678
7.78219710971804,9.8,4546.70835609025,1.28469688694454
7.69257637113793,9.8,4549.86871638633,1.27320466768608
7.60490173807732,9.8,4552.95024175222,1.26199912090103
7.5192336402343,9.8,4555.95158572768,1.25108514280845
7.43544575049902,9.8,4558.87791136122,1.24044395868649
7.35341974851995,9.8,4561.73402157469,1.23005810336479
7.27321576371946,9.8,4564.51845966157,1.21993287395793
7.19466321886383,9.8,4567.23774517824,1.2100445629882
7.11782184309593,9.8,4569.89037057433,1.20039865245701
7.04258374406678,9.8,4572.48059425491,1.19097965725488
6.96884766388097,9.8,4575.01238895873,1.18177313105918
6.89667249649554,9.8,4577.48419718373,1.17278473751371
6.82590936272379,9.8,4579.90155535461,1.16399434416506
6.75661647480023,9.8,4582.26288668549,1.15540768478007
6.68870082082569,9.8,4584.57175514635,1.14701179946783
6.62207493894791,9.8,4586.8314943063,1.13879456615893
6.55679587678583,9.8,4589.04051472401,1.13076176463998
6.49273264426753,9.8,4591.20357558447,1.12289608878376
6.42994143946358,9.8,4593.31908765581,1.11520331761526
21.9268569539874,10,3629.02444990229,4.98536563671899
21.9538250022854,10,3707.71366831559,4.69922302430705
21.8227098318076,10,3777.19096211805,4.44657831957083
21.5844169890265,10,3838.90072725742,4.22217917360937
21.2738097011201,10,3894.15172570169,4.02126645199394
20.9160036039404,10,3943.83967606722,3.84058299611929
20.5282425634288,10,3988.79522192806,3.67710828389809
20.1226516218532,10,4029.69174370065,3.52839365927043
19.7086908612782,10,4067.00392505304,3.39271299980717
19.2921163964291,10,4101.23027173834,3.26825355731525
18.8780471061181,10,4132.69497428194,3.15383645715663
18.4693794072689,10,4161.73935847616,3.04822051463223
18.0680580970091,10,4188.65094758751,2.95036019059093
17.6761814733216,10,4213.62173242631,2.85955733663166
17.2941878020647,10,4236.88658988614,2.77495785495952
16.9232413424431,10,4258.58441063026,2.69605668861727
16.5633964500584,10,4278.88245789224,2.62224560766466
16.2145310723867,10,4297.92519576858,2.55299928811429
15.8771183834243,10,4315.8006638954,2.48799758583492
15.5505355579818,10,4332.63644550144,2.42677656181298
15.2350348806428,10,4348.49853352437,2.36909624172959
14.9298911709218,10,4363.48993921749,2.31458203920916
14.6352337508274,10,4377.66061639776,2.26305230400814
14.3505074599246,10,4391.08554810124,2.21423437054099
14.075171992177,10,4403.83100846284,2.16788724195335
13.8092703021329,10,4415.93035095946,2.12388963287477
13.5520671088517,10,4427.44761670136,2.08200866654055
13.3035823738514,10,4438.40844183196,2.04215112061113
13.0632857744122,10,4448.85952628017,2.00414717716304
12.8306792366935,10,4458.84262451301,1.96784500177091
12.6057728726569,10,4468.37508336229,1.93318151504629
12.3879305386614,10,4477.49955130269,1.9000016316266
12.1771640349708,10,4486.22939038385,1.86825676224054
11.9730256595426,10,4494.59553868974,1.83783440476461
11.7750988774155,10,4502.6259070221,1.80863306537425
11.5834030538677,10,4510.32946023627,1.78062014459539
11.3974095311319,10,4517.73617148481,1.75368664914617
11.2171438850173,10,4524.85284020292,1.7278078538076
11.0422403762802,10,4531.70099778066,1.70290546261582
10.8723594644201,10,4538.30020888529,1.67890833132626
10.7075359013329,10,4544.65483702821,1.65580059262472
10.5473334531405,10,4550.78687442772,1.63350227480832
10.3917923914415,10,4556.69946480408,1.61200194616705
10.2406154538607,10,4562.40820721499,1.59124288285463
10.0935265475062,10,4567.92736000883,1.57117323633157
9.95057298447486,10,4573.25867726489,1.55178662812768
9.81139314281046,10,4578.41887104174,1.53302228712095
9.67603816821462,10,4583.40899249427,1.51487639092993
9.54426519655829,10,4588.24072565606,1.49730645215979
9.41584832063096,10,4592.92480372615,1.48027344099582
9.29084321882978,10,4597.46147197162,1.46377646555776
9.16894745485259,10,4601.86380277861,1.447767989896
9.050218996502,10,4606.13163242526,1.43224860936267
8.93445759990403,10,4610.27396107039,1.41718559610767
8.8214766439595,10,4614.2990919483,1.40254875655163
8.71133658482268,10,4618.20639282292,1.38834038973485
8.60378189922226,10,4622.00633912163,1.37452240319406
8.49887416101584,10,4625.69806203924,1.36109795622098
8.39644653013266,10,4629.28866141673,1.34804123121191
8.296343194942,10,4632.78471189403,1.33532832038535
8.19862673432262,10,4636.18507652292,1.32296335809848
8.10307903969004,10,4639.49832254115,1.31091519075948
8.00976298535834,10,4642.72317998612,1.29918843641413
7.91847327996415,10,4645.86759362479,1.28775420500076
7.82927284489229,10,4648.93018951812,1.27661749266141
7.74203014420997,10,4651.91623608296,1.26575914151653
7.65662197888401,10,4654.83063425996,1.25516132996378
7.57311095764233,10,4657.67189761393,1.24482946322208
7.49131946987097,10,4660.44667875339,1.23473934998769
7.41130970751371,10,4663.15343936163,1.22489658413952
7.33296932951583,10,4665.79652474998,1.21528536454553
7.25619290283338,10,4668.37998873348,1.2058909500601
7.18104174978735,10,4670.90224202429,1.19671911991167
7.10736085248232,10,4673.3689340354,1.18774933078038
7.03521082340738,10,4675.7784558016,1.17898743344874
6.96449481552052,10,4678.13444402697,1.17042020353833
6.89512176067069,10,4680.44030031263,1.16203527159047
6.827151058711,10,4682.69440277968,1.15383853534663
6.76044631847952,10,4684.90160773933,1.14581233549337
6.69506605525176,10,4687.06029352641,1.13796256899486
22.8127019749291,10.2,3701.60493890038,5.08507294945322
22.8407595323786,10.2,3781.86794168195,4.79320748479289
22.7043473090136,10.2,3852.73478136046,4.53550988596202
22.4564274353839,10.2,3915.67874180263,4.30662275708131
22.1332716130461,10.2,3972.03476021577,4.10169178103361
21.76101014954,10.2,4022.71646958862,3.91739465604142
21.3575835629919,10.2,4068.57112636668,3.75065044957577
20.9356067473767,10.2,4110.28557857472,3.59896153245558
20.5049219720745,10.2,4148.34400355416,3.46056725980318
20.0715178988454,10.2,4183.25487717315,3.33361862846133
19.6407202092058,10.2,4215.34887376764,3.2169131862996
19.2155423353233,10.2,4244.97414564576,3.10918492492463
18.7980076441289,10.2,4272.42396653934,3.00936739440245
18.3902992048444,10.2,4297.89416707491,2.91674848336404
17.9928729892687,10.2,4321.62432168393,2.83045701205849
17.6069402926783,10.2,4343.75609884295,2.74997782238939
17.2325576666415,10.2,4364.46010705016,2.67469051981765
16.8695981277117,10.2,4383.88369968403,2.60405927387632
16.5185539661153,10.2,4402.11667717339,2.53775753755141
16.1787771945248,10.2,4419.28917441155,2.47531209304903
15.8505302898213,10.2,4435.46850419493,2.41647816656392
15.5330587742276,10.2,4450.75973800192,2.36087367999312
15.2264971943614,10.2,4465.2138287258,2.30831335008807
14.9302679613061,10.2,4478.90725906335,2.25851905795152
14.6438089406616,10.2,4491.90762863218,2.21124498679213
14.3671648223396,10.2,4504.24895797872,2.166367425532
14.0995706200498,10.2,4515.99656903547,2.12364883987114
13.8410471017555,10.2,4527.17661066868,2.08299414302304
13.5910425196989,10.2,4537.83671680585,2.04423012070607
13.3490386778563,10.2,4548.01947700335,2.00720190180605
13.1150460967127,10.2,4557.74258502961,1.97184514534689
12.8884029324238,10.2,4567.04954232883,1.93800166425887
12.6691214619841,10.2,4575.95397819161,1.90562189748514
12.4567358961886,10.2,4584.48744946361,1.87459109285966
12.2508128720635,10.2,4592.67842516262,1.84480572668142
12.0513725372444,10.2,4600.53604944108,1.81623254748708
11.85786487619,10.2,4608.09089491459,1.78876038212881
11.6703164979724,10.2,4615.34989700706,1.76236401088347
11.4883468874824,10.2,4622.33501773635,1.73696357186785
11.3116027867831,10.2,4629.06621306308,1.71248649795249
11.1401203517471,10.2,4635.54793376885,1.688916604477
10.9734457246478,10.2,4641.80261191636,1.6661723203042
10.8116208040561,10.2,4647.83345410023,1.64424198509009
10.654336318197,10.2,4653.65637135937,1.62306774051145
10.5013050200259,10.2,4659.28590720908,1.60259670105792
10.352576133048,10.2,4664.72385081027,1.58282236068999
10.2077734257804,10.2,4669.98724846266,1.56368273286312
10.0669501102108,10.2,4675.07717234423,1.54517391874826
9.92985351049955,10.2,4680.00554016925,1.52725258120271
9.79624859278479,10.2,4684.78329980075,1.50987890981549
9.66619328487082,10.2,4689.41070141113,1.49305199486864
9.5393729320289,10.2,4693.90107883425,1.47672334969364
9.41584784396098,10.2,4698.25426507384,1.46089358154967
9.29540968694045,10.2,4702.47944029188,1.44552930802955
9.17786430037576,10.2,4706.58507378734,1.43059973168239
9.06327458284983,10.2,4710.57052067945,1.41610719752928
8.9513746879511,10.2,4714.44646590414,1.4020128512577
8.84222867712116,10.2,4718.2120232801,1.38831991534511
8.7356629699503,10.2,4721.87443464514,1.37500205583588
8.63151546001793,10.2,4725.44040613199,1.3620348867928
8.52985125438952,10.2,4728.90877805346,1.34942262526018
8.43044343289376,10.2,4732.28828899205,1.33713349457439
8.33335740996708,10.2,4735.57764358592,1.32517220514214
8.23837960047495,10.2,4738.78494549736,1.31350928910052
8.1455754678262,10.2,4741.90879330856,1.30214984251437
8.0548081620363,10.2,4744.95456080469,1.2910743243466
7.96594950683117,10.2,4747.92724694524,1.28026455656281
7.87906464033133,10.2,4750.82533556628,1.26972605248627
7.79396877645399,10.2,4753.65561232853,1.25943413698718
7.7107266196975,10.2,4756.41650814894,1.24939451582204
7.62922129042851,10.2,4759.11245524505,1.23959107183618
7.54934309610809,10.2,4761.74758850822,1.23000876906102
7.47115583647898,10.2,4764.32028686485,1.22065350230966
7.39449823092284,10.2,4766.83631271618,1.21150431739573
7.31943334067326,10.2,4769.2940249177,1.20256718211745
7.24586040606777,10.2,4771.69713290758,1.19382860760883
7.17368467980201,10.2,4774.04910631896,1.18527597702201
7.10296796148315,10.2,4776.34829083535,1.17691530605328
7.03356834974632,10.2,4778.59963989419,1.16872858220297
6.96554672388414,10.2,4780.80149939702,1.16072182037449
23.7160884814345,10.4,3774.18542789851,5.18478026218745
23.7452571224736,10.4,3856.02221504835,4.88719194527889
23.603442954085,10.4,3928.27860060291,4.6244414523532
23.3457054153325,10.4,3992.45675634786,4.39106634055342
23.009752572733,10.4,4049.91779472989,4.18211711007328
22.6227494980233,10.4,4101.59326311006,3.99420631596354
22.2033471566062,10.4,4148.34703080533,3.82419261525345
21.7646599941979,10.4,4190.87941344883,3.66952940564074
21.31692003556,10.4,4229.68408205531,3.52842151979903
20.8663530943791,10.4,4265.27948260802,3.39898369960745
20.4184957499787,10.4,4298.00277325336,3.2799899154424
19.9764807669033,10.4,4328.20893281534,3.17014933521704
19.5424116377262,10.4,4356.19698549115,3.06837459821406
19.1185578815458,10.4,4382.1666017235,2.97393963009642
18.7053935267142,10.4,4406.36205348172,2.88595616915747
18.3041778359875,10.4,4428.92778705561,2.80389895616143
17.9149696003843,10.4,4450.03775620806,2.72713543197071
17.5376368078945,10.4,4469.84220359946,2.65511925963835
17.1726912435128,10.4,4488.43269045136,2.58751748926781
16.8194592595141,10.4,4505.94190332164,2.52384762428499
16.4782137269043,10.4,4522.43847486548,2.46386009139826
16.14817029047,10.4,4538.02953678633,2.407165320777
15.829468824896,10.4,4552.76704105381,2.353574396168
15.5215088686555,10.4,4566.72897002543,2.30280374536213
15.2237060267396,10.4,4579.98424880149,2.254602731631
14.9361067587879,10.4,4592.56756499797,2.20884521818924
14.6579157849349,10.4,4604.54552136955,2.16528901320164
14.3891546955586,10.4,4615.94477950538,2.12383716543503
14.1292498936051,10.4,4626.81390733152,2.08431306424902
13.8776626624085,10.4,4637.19632949367,2.04655880184119
13.6344039390665,10.4,4647.11008669692,2.01050877564757
13.398785670617,10.4,4656.59953335494,1.97600169689114
13.1708206202253,10.4,4665.67856599935,1.94298703272966
12.9500245533622,10.4,4674.37936023747,1.91134778095471
12.7359469458133,10.4,4682.73094330313,1.88097838798868
12.528608743064,10.4,4690.74263864587,1.85184495037869
12.327438148873,10.4,4698.44561834435,1.82383411511153
12.1324628260355,10.4,4705.84695381118,1.7969201679594
11.9432871909854,10.4,4712.96903769203,1.77102168111996
11.7595439967175,10.4,4719.83221724084,1.7460646645788
11.5812708308823,10.4,4726.44103050948,1.7220326163292
11.4079958629175,10.4,4732.81834940497,1.69884236580011
11.2397626505838,10.4,4738.96744339638,1.67648202401318
11.0762496748964,10.4,4744.90453550373,1.65489259816828
10.9171583137834,10.4,4750.64445440933,1.63402016578431
10.7625397400087,10.4,4756.18902435564,1.61385809325227
10.6120028232645,10.4,4761.55562588356,1.5943431786053
10.4656028827416,10.4,4766.7453521942,1.57547144656663
10.3230772365981,10.4,4771.77035468245,1.55719871024566
10.1841815435951,10.4,4776.64179587534,1.53948437863512
10.0489760254869,10.4,4781.35993085063,1.52232752417955
9.91713356716915,10.4,4785.9383548899,1.50567870949129
9.78871686661716,10.4,4790.37689772242,1.48953855373667
9.66350934005677,10.4,4794.68491951336,1.47387301995146
9.54130913810719,10.4,4798.87105562638,1.45865070681319
9.4221816501448,10.4,4802.93464853598,1.44387400532371
9.30585050219936,10.4,4806.88659268665,1.4295032993213
9.19238229255527,10.4,4810.72598452095,1.41554187446928
9.08159656699205,10.4,4814.46020787355,1.40196288045981
8.97332479964982,10.4,4818.09610036994,1.38874145320025
8.86763467584388,10.4,4821.63247958399,1.37588189242188
8.76429028932929,10.4,4825.07825544295,1.36335179838929
8.66335964496412,10.4,4828.43210718572,1.35115597387015
8.56462069960977,10.4,4831.70229736993,1.33926437320025
8.46814150903601,10.4,4834.88739709899,1.32768219236733
8.37377980397802,10.4,4837.99288552642,1.31638950717668
8.28140233236145,10.4,4841.02385963051,1.3053677831618
8.19107681178645,10.4,4843.97877351863,1.29462264175046
8.10261113861293,10.4,4846.86454590367,1.28412892398667
8.01607257964732,10.4,4849.67957693625,1.27389244750459
7.93133962680482,10.4,4852.42838574013,1.26389677912683
7.84829824370506,10.4,4855.11518828297,1.25412658806194
7.76701475657045,10.4,4857.73833170541,1.24458788470762
7.68732149804533,10.4,4860.30369139696,1.23525930401108
7.60928402659789,10.4,4862.80959403381,1.22614693078616
7.53279759246745,10.4,4865.25982178819,1.21723701167933
7.45776369634187,10.4,4867.65791232528,1.20851668245355
7.38424658510228,10.4,4870.00217889102,1.19999207675994
7.3120987380679,10.4,4872.29767204905,1.19164482891258
7.24138344536075,10.4,4874.54270526762,1.18348107175413
24.6370164735026,10.6,3846.76591689661,5.28448757492151
24.6673177725704,10.6,3930.17648841471,4.98117640576473
24.5199967670214,10.6,4003.82241984532,4.71337301874439
24.2522509288724,10.6,4069.23477089306,4.47550992402536
23.9032525801809,10.6,4127.80082924398,4.26254243911295
23.5012216493897,10.6,4180.47005663146,4.07101797588566
23.0655333442708,10.6,4228.12293524395,3.8977347809313
22.6098113623163,10.6,4271.4732483229,3.74009727882589
22.1446850517343,10.6,4311.02416055643,3.59627577979488
21.6766219830298,10.6,4347.30408804284,3.46434877075342
21.2113737284362,10.6,4380.65667273906,3.34306664458532
20.7521947020092,10.6,4411.44371998492,3.23111374550945
20.3012700778014,10.6,4439.97000444297,3.12738180202566
19.860957503426,10.6,4466.4390363721,3.0311307768288
19.4317494144017,10.6,4491.09978527952,2.94145532625636
19.0149539723708,10.6,4514.09947526829,2.85782008993355
18.6106322512875,10.6,4535.61540536599,2.77958034412378
18.2186471129354,10.6,4555.80070751491,2.70617924540039
17.8395302156173,10.6,4574.74870372934,2.6372774409843
17.47258175295,10.6,4592.59463223174,2.57238315552104
17.1180851918919,10.6,4609.40844553605,2.51124201623259
16.7752257196493,10.6,4625.29933557076,2.45345696156096
16.4441486424313,10.6,4640.32025338185,2.39883544224793
16.1242301819729,10.6,4654.55068098754,2.34708843277266
15.8148632504117,10.6,4668.06086897083,2.29796047646978
15.516096111478,10.6,4680.88617201724,2.25132301084647
15.2271026035072,10.6,4693.09447370366,2.20692918653223
14.9479051552609,10.6,4704.7129483421,2.16468018784701
14.677907896131,10.6,4715.7910978572,2.12439600779206
14.4165511903501,10.6,4726.37318198402,2.08591570187641
14.1638463997186,10.6,4736.47758836425,2.04917240594825
13.9190787532413,10.6,4746.14952438108,2.01400172952342
13.6822615096945,10.6,4755.40315380711,1.98035216797426
13.4528916310634,10.6,4764.27127101135,1.94810446904976
13.2305010986653,10.6,4772.78346144365,1.91715104929593
13.015111671327,10.6,4780.94922785067,1.88745735327039
12.806129349181,10.6,4788.80034177412,1.85890784809417
12.6035828692066,10.6,4796.34401061532,1.83147632503526
12.4070612867896,10.6,4803.60305764772,1.80507979037199
12.2161830942236,10.6,4810.59822141863,1.77964283120503
12.0309873387387,10.6,4817.33412725013,1.7551486281814
11.8509838679498,10.6,4823.83408689361,1.73151241129601
11.6762179310248,10.6,4830.10143269255,1.70872206293626
11.5063555239589,10.6,4836.15269964812,1.6867174558251
11.3410864287791,10.6,4842.00300160959,1.66544363051064
11.180463805357,10.6,4847.65419790101,1.64489382581454
11.0240813352629,10.6,4853.12400330447,1.62500362434743
10.8719964858069,10.6,4858.41353204415,1.60576897438496
10.7239363748539,10.6,4863.53516919565,1.58714483928862
10.5796471730619,10.6,4868.50029194995,1.56908984745479
10.4391914406781,10.6,4873.30916029014,1.55160305349043
10.3022293602733,10.6,4877.97563094554,1.53463406928897
10.1688260644706,10.6,4882.499530371,1.51818352592367
10.0387565592531,10.6,4886.89039873484,1.50221673187334
9.91181115713893,10.6,4891.15703746175,1.48670168195728
9.788057786693,10.6,4895.29877638885,1.47164081313147
9.66720934195252,10.6,4899.32671946548,1.45699374739826
9.54933500730392,10.6,4903.23994575814,1.44276383360678
9.43424732124378,10.6,4907.04598109828,1.42892370509719
9.3217712138237,10.6,4910.75179460422,1.41544801962106
9.21197699867191,10.6,4914.35618111084,1.40234115959698
9.1046196089829,10.6,4917.86822189016,1.38957010221764
8.99976969033597,10.6,4921.28657078182,1.37713974261156
8.89719657735516,10.6,4924.61964923881,1.36501945731342
8.79697096850857,10.6,4927.86600088573,1.3532145422337
8.69894507002206,10.6,4931.03121024446,1.34170469002016
8.60298045546194,10.6,4934.12047231208,1.33047100977428
8.50914747199493,10.6,4937.13221146729,1.31951923102806
8.41724655633514,10.6,4940.07347947511,1.30882371099964
8.32734758735067,10.6,4942.94264571985,1.29839037920058
8.23932433863238,10.6,4945.74431623149,1.28820248643096
8.1530583456121,10.6,4948.482788054,1.27824440707639
8.06861851004968,10.6,4951.15637654226,1.26852226711906
7.98583065383787,10.6,4953.77107007403,1.25901429063992
7.90476288116939,10.6,4956.3251631462,1.24972667946839
7.82530637470782,10.6,4958.82251066509,1.24064541576332
7.74735881027866,10.6,4961.26671832789,1.23175738789861
7.67098692955688,10.6,4963.65606694297,1.22306884748015
7.59603748343289,10.6,4965.99570420019,1.21456107563571
7.52257621967028,10.6,4968.2839111345,1.20624032314729
25.5754859511339,10.8,3919.3464058947,5.38419488765574
25.6069414826686,10.8,4004.33076178107,5.07516086625072
25.4540087478238,10.8,4079.36623908773,4.80230458513557
25.1760639760035,10.8,4146.01278543826,4.5599535074973
24.8137716353891,10.8,4205.68386375807,4.34296776815262
24.3964266036388,10.8,4259.34685015285,4.14782963580794
23.9441421259862,10.8,4307.89883968256,3.97127694660898
23.4710608517323,10.8,4352.06708319696,3.81066515201105
22.9882170205974,10.8,4392.36423905754,3.6641300397909
22.5023245647976,10.8,4429.32869347766,3.52971384189954
22.0193541445787,10.8,4463.31057222476,3.4061433737282
21.5426841406411,10.8,4494.67850715452,3.29207815580181
21.0745829643539,10.8,4523.74302339478,3.18638900583719
20.6174980704848,10.8,4550.71147102068,3.08832192356117
20.1719406523305,10.8,4575.8375170773,2.99695448335533
19.7392687018279,10.8,4599.27116348096,2.91174122370567
19.3195456193506,10.8,4621.19305452389,2.83202525627677
18.912629042834,10.8,4641.75921143035,2.75723923116242
18.5190708824283,10.8,4661.06471700731,2.6870373927007
18.1381446748321,10.8,4679.24736114183,2.620918686757
17.7701446847839,10.8,4696.3784162066,2.55862394106693
17.4142250617653,10.8,4712.56913435517,2.49974860234492
17.0705366469671,10.8,4727.87346570986,2.44409648832779
16.7384319012581,10.8,4742.37239194962,2.39137312018326
16.4172806116772,10.8,4756.13748914015,2.34131822130857
16.1071328804098,10.8,4769.20477903649,2.2938008035037
15.8071310757664,10.8,4781.64342603775,2.24856935986274
15.5172984808621,10.8,4793.4811171788,2.20552321025892
15.2370165272762,10.8,4804.76828838287,2.16447895133509
14.965704261681,10.8,4815.55003447434,2.12527260191155
14.7033734786687,10.8,4825.84509003156,2.08783603624894
14.4492821802963,10.8,4835.69951540719,2.05200176215569
14.2034441303917,10.8,4845.12774161484,2.01771730321879
13.9653371292922,10.8,4854.1631817852,1.98486115714474
13.734475330619,10.8,4862.83597958415,1.95332371060311
13.5108813220329,10.8,4871.15581705546,1.923069756162
13.2939384771138,10.8,4879.15506520388,1.89398158107681
13.0836766274857,10.8,4886.84106741944,1.86603248211113
12.8796691748758,10.8,4894.2370775998,1.83913789963714
12.6815200792825,10.8,4901.36422559279,1.81322099784439
12.4892698752977,10.8,4908.22722398714,1.78826464004681
12.3024097397264,10.8,4914.84982437861,1.76418245680512
12.1209866453609,10.8,4921.23542198507,1.74096210187254
11.9446538653669,10.8,4927.40086378885,1.71854231349512
11.7730893649953,10.8,4933.3615488062,1.69686709525028
11.6063483290757,10.8,4939.11937144274,1.67592955839007
11.4440089617586,10.8,4944.69238072173,1.65566407010279
11.2861309193902,10.8,4950.08171189047,1.63606650221654
11.1324309252505,10.8,4955.29998370519,1.61709096834482
10.9826454811691,10.8,4960.35878802089,1.59869531628775
10.8368395304284,10.8,4965.25838972599,1.58087858281463
10.6946603113256,10.8,4970.01290699753,1.56358942909994
10.5561754375057,10.8,4974.62216301592,1.54682849812395
10.4211513445139,10.8,4979.09587795266,1.53056044380854
10.2893703575004,10.8,4983.44301930079,1.51475265708804
10.1609029925234,10.8,4987.66290424538,1.4994076209259
10.0354512072392,10.8,4991.76684624799,1.4844841954619
9.91308682139545,10.8,4995.753906999,1.46998579273095
9.7936152327335,10.8,4999.63175432669,1.45588452972116
9.67685470256726,10.8,5003.40748884217,1.4421545860285
9.56287822290095,10.8,5007.07988264137,1.42880042675868
9.45143139188165,10.8,5010.65818834105,1.41578840603254
9.34258754610935,10.8,5014.14103438162,1.40312351133957
9.23610723373769,10.8,5017.53700111138,1.39077454141318
9.13206384626998,10.8,5020.84460467617,1.37874689208666
9.03030396019429,10.8,5024.06953496619,1.36701987285023
8.93068387615822,10.8,5027.21708499736,1.35557423637327
8.83327662098208,10.8,5030.28564941964,1.34441582029224
8.73787502964567,10.8,5033.28241305025,1.33351849799913
8.64455164283228,10.8,5036.20571450716,1.3228883108831
8.55317542593569,10.8,5039.06024672657,1.31250819372157
8.4636234018534,10.8,5041.85038782875,1.30236222607731
8.37596709694062,10.8,5044.57442138282,1.29245664951705
8.29002569832415,10.8,5047.23844875481,1.28276927725523
8.20586990441125,10.8,5049.84073226231,1.2733064281371
8.12338675281213,10.8,5052.3851995457,1.26405381983382
8.04247002163539,10.8,5054.87552433422,1.25499809333015
7.96318899486973,10.8,5057.30995499863,1.24614561818681
7.88538458586385,10.8,5059.69373635505,1.23747732234532
7.80912504683508,10.8,5062.0251170051,1.22899957452693
26.5314969143284,11,3991.9268948928,5.4839022003898
26.5641282527692,11,4078.48503514744,5.16914532673656
26.4054788964912,11,4154.91005833014,4.89123615152676
26.1171445567259,11,4222.79079998346,4.64439709096925
25.7413097383588,11,4283.56689827216,4.42339309719213
25.3083643607711,11,4338.22364367425,4.22464129573006
24.8391735017524,11,4387.67474412118,4.04481911228666
24.3484084624458,11,4432.66091807103,3.88123302519621
23.8475159421499,11,4473.70431755866,3.73198429978675
23.3434608396826,11,4511.35329891248,3.59507891304551
22.8424369984061,11,4545.96447171045,3.46922010287108
22.3479490827986,11,4577.9132943241,3.3530425660943
21.8623502973842,11,4607.51604234659,3.24539620964879
21.3881795827221,11,4634.98390566927,3.14551307029363
20.9259672405012,11,4660.57524887508,3.0524536404543
20.477122024359,11,4684.44285169363,2.96566235747779
20.0417097045736,11,4706.7707036818,2.88447016842991
19.6195825975908,11,4727.71771534578,2.80829921692453
19.2113132439462,11,4747.38073028528,2.73679734441726
18.8161480251607,11,4765.90009005193,2.66945421799305
18.4343922055804,11,4783.34838687715,2.60600586590134
18.065168316818,11,4799.83893313958,2.54604024312888
17.7086328385038,11,4815.42667803789,2.4893575344078
17.3641140265113,11,4830.19410291171,2.43565780759387
17.0309581105367,11,4844.21410930947,2.38467596614744
16.7092170655832,11,4857.52338605575,2.33627859616101
16.3980012017128,11,4870.19237837184,2.2902095331934
16.0973346723625,11,4882.2492860155,2.24636623267099
15.8065757870182,11,4893.74547890501,2.20456189489093
15.5251218763789,11,4904.72688696113,2.16462950195958
15.2529851758951,11,4915.21259169533,2.12649966656251
14.9893959517608,11,4925.24950642976,2.09000179480093
14.7343684822955,11,4934.85232941903,2.05508243847636
14.4873610480278,11,4944.0550925555,2.02161784525284
14.2478696416542,11,4952.88849772109,1.98949637192341
14.0159176951617,11,4961.36240625668,1.95868215906674
13.7908655326517,11,4969.50978863006,1.92905531407258
13.5727441008533,11,4977.33812421998,1.90058863920011
13.3611108552817,11,4984.87109755549,1.87319600888925
13.1555549519313,11,4992.13022977057,1.8467991644707
12.9561184405959,11,4999.12032072778,1.82138065189909
12.7622734782835,11,5005.86556186724,1.79685250230102
12.5740687936279,11,5012.36941128123,1.77320214079561
12.3911446991553,11,5018.64902793323,1.75036717115201
12.2131671224667,11,5024.72009600645,1.72829055997663
12.0401933111989,11,5030.58454498811,1.70696529095239
11.8717857027852,11,5036.26075814265,1.68632451584501
11.7080061835245,11,5041.74989174043,1.66636403003493
11.5485608878205,11,5047.06479821839,1.6470370973878
11.3931764679487,11,5052.21728409549,1.62830078510738
11.2419202947694,11,5057.2076191655,1.61015411212551
11.0944264203572,11,5062.05018305318,1.59254478889758
10.9507649857532,11,5066.7447956645,1.57547347031099
10.8106936958698,11,5071.30135717414,1.55890415573045
10.6739867391771,11,5075.72900113983,1.5428036322188
10.5407172676218,11,5080.02703210191,1.52717442872033
10.4105760980454,11,5084.20697303049,1.5119746435255
10.2836377348158,11,5088.26786823985,1.49720775185508
10.1597003014473,11,5092.2175275551,1.48284535434513
10.0385752658668,11,5096.06318308013,1.46886115243591
9.92033834851746,11,5099.8035841719,1.45525969392038
9.80472563801221,11,5103.44815479195,1.44200670984748
9.69181321227102,11,5106.99549798142,1.42910728006762
9.58135266874416,11,5110.45435298395,1.41652962551291
9.47342014230736,11,5113.82320846661,1.40427924193962
9.3678564744819,11,5117.10785968793,1.39233505568031
9.26451259443762,11,5120.31369768263,1.38067746297226
9.16346425873531,11,5123.43908737199,1.36931240955643
9.06449655853208,11,5126.49134662539,1.35821328499861
8.96768474607994,11,5129.46878329446,1.34738624256561
8.87289288870265,11,5132.37617722164,1.33681390101221
8.77999341241698,11,5135.21798760349,1.32648004507824
8.68906051723138,11,5137.99246622338,1.31639103191501
8.59990663149242,11,5140.70582743559,1.30652426387058
8.51260509631186,11,5143.35630137841,1.29688617680581
8.42703872676886,11,5145.94788842632,1.28746222390432
8.34309733040068,11,5148.48433034055,1.27823879876169
8.26085278102957,11,5150.9638430543,1.26922238889346
8.1801400453496,11,5153.39176850991,1.26039356905488
8.10102992684409,11,5155.7663228757,1.25175882590656
27.5050493630861,11.2,4064.50738389089,5.58360951312403
27.5388780828716,11.2,4152.6393085138,5.26312978722256
27.374407213024,11.2,4230.45387757256,4.98016771791795
27.0754926710395,11.2,4299.56881452867,4.72884067444119
26.6858668890894,11.2,4361.44993278624,4.5038184262318
26.2370349207871,11.2,4417.10043719565,4.30145295565218
25.7506274715693,11.2,4467.4506485598,4.11836127796435
25.2418541944569,11.2,4513.2547529451,3.95180089838152
24.7225818163912,11.2,4555.04439605978,3.7998385597826
24.2000308076845,11.2,4593.37790434731,3.66044398419163
23.6806222899184,11.2,4628.61837119615,3.53229683201396
23.167989528482,11.2,4661.14808149368,3.41400697638663
22.6645720768919,11.2,4691.2890612984,3.30440341346043
22.1730020401382,11.2,4719.25634031786,3.20270421702601
21.6938291789136,11.2,4745.31298067288,3.10795279755319
21.2285139399641,11.2,4769.6145399063,3.01958349124983
20.777124506957,11.2,4792.34835283972,2.9369150805829
20.3395077772053,11.2,4813.67621926123,2.85935920268649
19.9162573001708,11.2,4833.69674356326,2.78655729613367
19.5065918039356,11.2,4852.55281896203,2.71798974922901
19.1108277542816,11.2,4870.31835754771,2.65338779073568
18.7280554848075,11.2,4887.10873192401,2.59233188391276
18.358437217015,11.2,4902.97989036244,2.5346185805003
18.001276557707,11.2,4918.01581387032,2.47994249501705
17.6558957469648,11.2,4932.2907294753,2.42803371099895
17.3223486669739,11.2,4945.8419930715,2.37875638883097
16.9997129813224,11.2,4958.74133070243,2.33184970653664
16.6880137297384,11.2,4971.01745484869,2.2872092550957
16.3865856754022,11.2,4982.72266943068,2.24464483843397
16.0948040344882,11.2,4993.90373945146,2.20398640199472
15.812681491441,11.2,5004.58009336264,2.16516329686319
15.5394200676775,11.2,5014.79949745589,2.1280018274332
15.2750345654483,11.2,5024.57691722678,2.09244757372088
15.0189633873115,11.2,5033.94700332936,2.05837453334781
14.7706840318115,11.2,5042.9410158616,2.02566903323059
14.5302207907535,11.2,5051.56899546147,1.99429456195836
14.296910515834,11.2,5059.86451205983,1.96412904705522
14.0707852893482,11.2,5067.83518102411,1.93514479627605
13.8513863279886,11.2,5075.50511751117,1.90725411814128
13.6382877121516,11.2,5082.89623394835,1.88037733109693
13.4315330346152,11.2,5090.01341746842,1.85449666375129
13.230575083603,11.2,5096.88129935586,1.82952254779693
13.0354643758079,11.2,5103.50340057738,1.80544217971869
12.8458280253068,11.2,5109.8971920776,1.78219202880875
12.661319701176,11.2,5116.07864320669,1.75971402470298
12.4819987517097,11.2,5122.04971853348,1.73800102351462
12.3074115583261,11.2,5127.82913556355,1.71698496158714
12.1376222781933,11.2,5133.41807159038,1.69666155785318
11.9723262625478,11.2,5138.82961273158,1.67698322643067
11.8112401333847,11.2,5144.07578017008,1.65790625392703
11.6544337336855,11.2,5149.156848605,1.63942964143639
11.5015276873527,11.2,5154.08745910881,1.62150014869523
11.3525947091979,11.2,5158.86742831307,1.60411844249794
11.2073836133056,11.2,5163.50683639561,1.58724786765232
11.065660302169,11.2,5168.01498297887,1.5708546073496
10.9275006119879,11.2,5172.39115995843,1.5549412365148
10.7925840143709,11.2,5176.647099813,1.53946509158914
10.660987747565,11.2,5180.78182948071,1.52442971097925
10.5325025273853,11.2,5184.80330078351,1.5098061789691
10.4069329037223,11.2,5188.71887731808,1.49556771884336
10.2843573755214,11.2,5192.52728570243,1.48171896108208
10.1645023473745,11.2,5196.23812124285,1.46822501366239
10.047446688821,11.2,5199.84996158121,1.45509104879563
9.93293288237462,11.2,5203.37170485652,1.44228470961267
9.82103985662061,11.2,5206.80181225704,1.42981159179258
9.71160261288489,11.2,5210.14618440966,1.41765023851035
9.6044666103001,11.2,5213.4103103679,1.40578068957129
9.49971038525471,11.2,5216.59252532434,1.39420899882058
9.39711114299439,11.2,5219.70028020053,1.38290807199806
9.29674689709358,11.2,5222.73185208177,1.37188417424812
9.19847672693318,11.2,5225.69210771672,1.36111960830286
9.10216837730283,11.2,5228.58558737823,1.35059786407916
9.00789877092199,11.2,5231.41051106394,1.34032541431296
8.91547345334269,11.2,5234.17320611638,1.33027925048594
8.8249684568712,11.2,5236.87187049452,1.32046592547452
8.73626229657804,11.2,5239.51057730693,1.31087062797482
8.6492407365745,11.2,5242.09313634687,1.30147950419323
8.56397828803639,11.2,5244.61773110997,1.29229915960015
8.48030386189014,11.2,5247.08980066477,1.28330981576449
8.39829085969732,11.2,5249.50752874631,1.2745180772862
28.4961432974077,11.4,4137.08787288902,5.68331682585826
28.5311909729759,11.4,4226.7935818802,5.35711424770855
28.3607936974234,11.4,4305.997696815,5.06909928430913
28.0511083189444,11.4,4376.3468290739,4.81328425791314
27.647443087581,11.4,4439.33296730037,4.58424375527147
27.1824382836863,11.4,4495.97723071709,4.3782646155743
26.6785040354375,11.4,4547.22655299844,4.19190344364219
26.1513980477654,11.4,4593.84858781921,4.02236877156667
25.6134146433224,11.4,4636.38447456093,3.86769281977861
25.0720344688041,11.4,4675.40250978217,3.72580905533776
24.5339100191159,11.4,4711.27227068188,3.595373561157
24.0028054776914,11.4,4744.38286866329,3.47497138667911
23.4812483028777,11.4,4775.06208025024,3.36341061727196
22.9719654427331,11.4,4803.52877496646,3.25989536375839
22.4755264675674,11.4,4830.05071247066,3.16345195465216
21.9934444486432,11.4,4854.78622811897,3.07350462502194
21.5257900265001,11.4,4877.92600199762,2.98935999273596
21.0724045816485,11.4,4899.63472317324,2.91041918846093
20.6339030510734,11.4,4920.0127568378,2.83631724786256
20.2094760111287,11.4,4939.20554786867,2.76652528047754
19.7994513308596,11.4,4957.2883282148,2.70076971558258
19.4028865657066,11.4,4974.37853070495,2.63862352470929
19.0199497825525,11.4,4990.53310269045,2.57987962658016
18.6499194948956,11.4,5005.83752483241,2.52422718242758
18.2920935210113,11.4,5020.36734964462,2.47139145583774
17.9465276846304,11.4,5034.16060009075,2.4212341814882
17.6122664146424,11.4,5047.29028303652,2.37348987986722
17.2893356530365,11.4,5059.78562368539,2.32805227750769
16.9770461924056,11.4,5071.69985995635,2.28472778197692
16.6747507359868,11.4,5083.08059194178,2.24334330202987
16.3824624252852,11.4,5093.94759502995,2.20382692716387
16.099354528025,11.4,5104.349488482,2.16600186006547
15.8254423798291,11.4,5114.30150503452,2.1298127089654
15.5601441471229,11.4,5123.83891410322,2.09513122144286
15.3029185010707,11.4,5132.99353400211,2.06184169453776
15.0537906087884,11.4,5141.77558466626,2.02990696484997
14.8120734266412,11.4,5150.21923548959,1.99920278003785
14.577800192951,11.4,5158.33223782823,1.96970095335191
14.3504955929965,11.4,5166.13913746684,1.9413122273933
14.1297183599434,11.4,5173.66223812612,1.91395549772324
13.9155136573554,11.4,5180.90651420904,1.88761267560349
13.7073145556849,11.4,5187.89703684448,1.86219259329283
13.5051733919011,11.4,5194.63738987352,1.83768221864176
13.3087038438214,11.4,5201.14535622196,1.81401688646564
13.1175471011234,11.4,5207.43719040693,1.79113748942933
12.9317646506079,11.4,5213.51489207885,1.76903675607693
12.7508865283812,11.4,5219.39751298445,1.74764540732928
12.5749792033966,11.4,5225.08625144033,1.72695908567152
12.4037270494322,11.4,5230.59442724477,1.70692935547363
12.2368364774773,11.4,5235.93427624467,1.68751172274667
12.0743798471766,11.4,5241.1060780445,1.66870517074728
11.9159641123121,11.4,5246.12473516446,1.65045550849285
11.7616646078399,11.4,5250.99006096165,1.63276341468494
11.6112210968214,11.4,5255.71231561709,1.61559157957424
11.464391046476,11.4,5260.3009648179,1.59890558248036
11.321253025622,11.4,5264.75528781497,1.58270804430923
11.1814749562158,11.4,5269.0872265955,1.56695553965278
11.0451368596429,11.4,5273.29579072156,1.55165167010342
10.9120219105474,11.4,5277.38907401192,1.53676700359308
10.7819276161337,11.4,5281.37457155604,1.5222742852508
10.6549353039129,11.4,5285.25098723297,1.50817822824378
10.5307615199686,11.4,5289.02808769374,1.49444331747733
10.4094879757593,11.4,5292.70442518101,1.48107481752364
10.2908478746291,11.4,5296.28905672909,1.46803979371244
10.1749229892098,11.4,5299.78041604748,1.45534394164554
10.0615423754032,11.4,5303.18450913139,1.44296542134042
9.95054592374573,11.4,5306.50692305318,1.43088391617027
9.84201500054019,11.4,5309.7459632767,1.41910558808477
9.73571878303265,11.4,5312.90921377568,1.40760285899755
9.63173809587328,11.4,5315.99492086908,1.39638210593063
9.52992694062737,11.4,5319.00803821179,1.38542531559351
9.43014829651097,11.4,5321.95318715298,1.37471568308012
9.33248185801244,11.4,5324.8285559045,1.36425979671092
9.23672616387494,11.4,5327.64058479716,1.35403423710125
9.14295998608927,11.4,5330.38743961063,1.34404567414319
9.05105746223962,11.4,5333.07326618755,1.33427903204532
8.96090024015687,11.4,5335.7019423532,1.32472020962477
8.87256551589018,11.4,5338.27161916564,1.3153759303068
8.78587603548546,11.4,5340.78783281963,1.3062260624741
8.70090784539475,11.4,5343.24873461691,1.29727732866579
29.5047787172918,11.6,4209.66836188712,5.78302413859232
29.541066923082,11.6,4300.94785524656,5.45109870819439
29.3646383496872,11.6,4381.54151605742,5.15803085070032
29.0439915004405,11.6,4453.1248436191,4.89772784138524
28.6260383338335,11.6,4517.21600181445,4.66466908431114
28.1445744494681,11.6,4574.85402423848,4.45507627549657
27.6228031933559,11.6,4627.00245743706,4.26544560931987
27.0770400223714,11.6,4674.44242269327,4.09293664475183
26.5200144229417,11.6,4717.72455306204,3.93554707977446
25.9594718230407,11.6,4757.42711521699,3.79117412648372
25.4023001859981,11.6,4793.92617016758,3.65845029029988
24.8523969304265,11.6,4827.61765583287,3.53593579697144
24.3123789753409,11.6,4858.83509920205,3.42241782108348
23.7850697905068,11.6,4887.80120961506,3.31708651049072
23.2710591064313,11.6,4914.78844426509,3.21895111176338
22.7719135503651,11.6,4939.95791632827,3.12742575880631
22.2877062631732,11.6,4963.50365115214,3.04180490490136
21.8182730109785,11.6,4985.59322708869,2.96147917422297
21.3642504967112,11.6,5006.32877011579,2.88607719957897
20.9248006467962,11.6,5025.85827677878,2.81506081171359
20.5002629353694,11.6,5044.25829888537,2.74815164041692
20.0896615595692,11.6,5061.64832948938,2.68491516549325
19.6931705350908,11.6,5078.08631501849,2.62514067266009
19.3100428380524,11.6,5093.65923579451,2.56851186983818
18.9395514326516,11.6,5108.44396981395,2.5147492006766
18.5817541185287,11.6,5122.47920711002,2.46371197414543
18.2356615016499,11.6,5135.83923537062,2.41513005319781
17.9013004422338,11.6,5148.55379252211,2.36889529991968
17.5779573380288,11.6,5160.67705048203,2.32481072551996
17.2649619808748,11.6,5172.25744443212,2.28270020206509
16.9623279774276,11.6,5183.31509669727,2.24249055746447
16.6691993328036,11.6,5193.89947950814,2.20400189269774
16.3855919254379,11.6,5204.02609284227,2.16717784420992
16.110903327462,11.6,5213.7308248771,2.13188790953792
15.844573049432,11.6,5223.04605214263,2.09801435584502
15.5866271492664,11.6,5231.98217387107,2.06551936774158
15.3363542650734,11.6,5240.57395891937,2.03427651302049
15.0937888116619,11.6,5248.82929463237,2.00425711042777
14.8584386503056,11.6,5256.77315742254,1.97537033664533
14.6298468953069,11.6,5264.42824230391,1.94753366434947
14.4080603088169,11.6,5271.79961094969,1.92072868745569
14.1924918945295,11.6,5278.91277433312,1.89486263878874
13.9831958419076,11.6,5285.77137916969,1.86992225756483
13.7797721546991,11.6,5292.39352036634,1.84584174412246
13.5818493223088,11.6,5298.79573760719,1.82256095415568
13.389491007894,11.6,5304.98006562423,1.80007248863924
13.2022106129506,11.6,5310.96589040537,1.77830585307142
13.0200769591346,11.6,5316.7544312903,1.75725661348985
12.842763248474,11.6,5322.35924175797,1.7368754845165
12.6699655002265,11.6,5327.79277231927,1.7171171915663
12.501758635243,11.6,5333.05530748401,1.69798070005816
12.3377356952355,11.6,5338.16201122011,1.67941086829057
12.1779746816791,11.6,5343.11269361023,1.66140838687192
12.022206146417,11.6,5347.91779483858,1.64393529149607
11.8701789720982,11.6,5352.58694665694,1.62695655761112
11.7219745085239,11.6,5357.1194156715,1.61047485210366
11.5772489235801,11.6,5361.527353378,1.59444598771637
11.4360850710497,11.6,5365.80975196242,1.57887362922759
11.2982584509335,11.6,5369.97484724032,1.56372782821705
11.1635594031011,11.6,5374.03026579399,1.54898085165825
11.0320721336918,11.6,5377.9746887635,1.53463749540548
10.9035031557944,11.6,5381.81805414464,1.52066162129223
10.7779370730858,11.6,5385.55888878081,1.50705858625165
10.6550976455075,11.6,5389.20640860166,1.49379487781216
10.5350695400749,11.6,5392.75901983792,1.4808762914985
10.417675762037,11.6,5396.22283385313,1.46828060417046
10.3027505347745,11.6,5399.60353573845,1.4559871427693
10.1903781045918,11.6,5402.89940122905,1.44400217734892
10.0803194786468,11.6,5406.11814735082,1.43229764599704
9.97265834241897,11.6,5409.25798965639,1.42088003761318
9.86724352978518,11.6,5412.32396870687,1.40973102288416
9.76393317004136,11.6,5415.32078692772,1.39883350208104
9.66280977850274,11.6,5418.24660074506,1.38819417910891
9.56366476308918,11.6,5421.10796347794,1.3777892237166
9.46657968396608,11.6,5423.90300872673,1.36762542281189
9.37142422375363,11.6,5426.63595506816,1.35768743611582
9.27807584114779,11.6,5429.31074835953,1.34796091505631
9.18661446459096,11.6,5431.92550722131,1.33845270101346
9.09685656613558,11.6,5434.48586497449,1.3291423091837
9.0088808839364,11.6,5436.98994048751,1.32003658004543
30.5309556227392,11.8,4282.24885088521,5.88273145132655
30.5685059331894,11.8,4375.10212861292,5.54508316868039
30.3859411698164,11.8,4457.08533529983,5.2469624170915
30.0541422155278,11.8,4529.9028581643,4.98217142485718
29.6216526278468,11.8,4595.09903632854,4.74509441335082
29.1234434181336,11.8,4653.73081775988,4.5318879354187
28.5835249453251,11.8,4706.77836187568,4.33898777499756
28.018780118275,11.8,4755.03625756734,4.16350451793699
27.4423811552501,11.8,4799.06463156316,4.00340133977032
26.8623428703944,11.8,4839.45172065181,3.85653919762985
26.2857927905649,11.8,4876.58006965327,3.72152701944276
25.7167638866528,11.8,4910.85244299915,3.59690020727586
25.1579640942478,11.8,4942.60811815053,3.48142502490726
24.6123150834258,11.8,4972.0736442603,3.37427765723535
24.0804270955683,11.8,4999.52617606289,3.27445026886235
23.5639212451916,11.8,5025.12960454093,3.18134689257843
23.0628732170359,11.8,5049.08130031005,3.09424981705442
22.5771130651662,11.8,5071.55173100412,3.012539159985
22.1072996370555,11.8,5092.64478339376,2.93583715129545
21.6525657109098,11.8,5112.51100568887,2.86359634294955
21.2132625677835,11.8,5131.22826955592,2.79553356525125
20.7883804663686,11.8,5148.91812827379,2.73120680627713
20.3780994746295,11.8,5165.6395273465,2.67040171874002
19.981646587177,11.8,5181.4809467566,2.61279655724871
19.5982694818857,11.8,5196.52058998327,2.55810694551539
19.2280279686686,11.8,5210.79781412927,2.50618976680266
18.8698982423442,11.8,5224.38818770471,2.45677022652832
18.5239080973303,11.8,5237.32196135881,2.40973832233158
18.1893191122713,11.8,5249.6542410077,2.36489366906291
17.8654377691522,11.8,5261.43429692244,2.32205710210023
17.552278147868,11.8,5272.68259836458,2.28115418776515
17.2489544820131,11.8,5283.44947053425,2.24200192533002
16.9554832022747,11.8,5293.75068065001,2.20454297945452
16.6712409283287,11.8,5303.62273565095,2.16864459763289
16.3956476768951,11.8,5313.09857028313,2.13418701715227
16.1287304121875,11.8,5322.18876307585,2.10113177063328
15.8697530311304,11.8,5330.92868234912,2.06935024600321
15.6187511454808,11.8,5339.32635143649,2.03881326750371
15.3752154999155,11.8,5347.40717737822,2.00942844589744
15.1386733182418,11.8,5355.19424648167,1.9811118309757
14.9091729889994,11.8,5362.69270769032,1.95384469930797
14.6861071001366,11.8,5369.92851182174,1.92753268428464
14.4695317258271,11.8,5376.90536846583,1.90216229648791
14.2590329579399,11.8,5383.64168451071,1.87766660177927
14.0542263647321,11.8,5390.15428480743,1.85398441888203
13.8551778235674,11.8,5396.44523916959,1.83110822120155
13.6613838120342,11.8,5402.53426782627,1.80896629881355
13.4729155454071,11.8,5408.42261114025,1.78755414130818
13.289434859673,11.8,5414.12405627115,1.76682161355946
13.110627201632,11.8,5419.65126839386,1.74672266038601
12.9365700978843,11.8,5425.00453692351,1.72725622936904
12.7668424361226,11.8,5430.19928727575,1.70836622808822
12.6015249307154,11.8,5435.2353262588,1.69005335905892
12.4403387620926,11.8,5440.12327406006,1.672279003418
12.2830240790356,11.8,5444.87292849598,1.65500753274186
12.1296650606937,11.8,5449.48354352803,1.63824165989809
11.9799059164638,11.8,5453.96748016051,1.62193643577997
11.8338323817853,11.8,5458.32371320328,1.60609558835172
11.6912121485438,11.8,5462.56062046873,1.59068865284102
11.5518282646245,11.8,5466.68596003194,1.5756874180657
11.4157678648582,11.8,5470.69839029402,1.56109676256722
11.2827272548519,11.8,5474.60802059554,1.54687992510717
11.1527939808007,11.8,5478.4133523806,1.53304235497966
11.0256821950099,11.8,5482.12376047423,1.51954996191193
10.901479509216,11.8,5485.73762362835,1.50640864135146
10.7800027727861,11.8,5489.26115857486,1.49359578700053
10.6610804433863,11.8,5492.70014842373,1.48109036936829
10.5447996974096,11.8,5496.0528391814,1.46889876661311
10.4309132298368,11.8,5499.32708092596,1.45699243299652
10.3195076367307,11.8,5502.52105844369,1.44537796929569
10.2104264944066,11.8,5505.63989920194,1.43403673017481
10.1035229978941,11.8,5508.68838670247,1.42295132108196
9.99888253239287,11.8,5511.66464558562,1.41212856150686
9.89628925098545,11.8,5514.57534215873,1.40154421033195
9.79582755050162,11.8,5517.41857784284,1.3912051714806
9.69736258112008,11.8,5520.19864394877,1.38109584018628
9.60076753954724,11.8,5522.91955436586,1.37120162048784
9.50612513413869,11.8,5525.57939527698,1.36152947172011
9.4132454538405,11.8,5528.18389712936,1.35205855589327
9.32220997532225,11.8,5530.73114635812,1.34279583142507
31.5746740137505,12,4354.82933988331,5.98243876406077
31.6135080032993,12,4449.25640197928,5.63906762916622
31.4247021578116,12,4532.62915454224,5.33589398348269
31.0815604642064,12,4606.6808727095,5.06661500832913
30.6342859696206,12,4672.98207084263,4.82551974239048
30.1190451896818,12,4732.60761128128,4.60869959534082
29.5606692913451,12,4786.5542663143,4.41252994067524
28.9766183354761,12,4835.63009244141,4.23407239112214
28.3805148402479,12,4880.40471006428,4.07125559976633
27.7806476108283,12,4921.47632608338,3.92190426878775
27.1843878327809,12,4959.23396913569,3.78460374859757
26.595906346439,12,4994.08723016873,3.65786461756819
26.0180036596654,12,5026.38113710234,3.54043222871879
25.4537013215559,12,5056.34607890888,3.43146880396773
24.9036304349466,12,5084.26390786066,3.3299494259612
24.369467533092,12,5110.30129275361,3.23526802635055
23.851290888059,12,5134.65894946797,3.14669472920741
23.3489247442121,12,5157.51023491957,3.06359914574703
22.8630504721069,12,5178.96079667174,2.98559710301186
22.39277120347,12,5199.16373459898,2.9121318741856
21.9384502281024,12,5218.19824022648,2.84291549008559
21.4990432861047,12,5236.18792705822,2.77749844706109
21.0747366011691,12,5253.19273967454,2.71566276481987
20.6647307422697,12,5269.3026577187,2.65708124465932
20.2682476687135,12,5284.59721015261,2.60146469035418
19.8853492350504,12,5299.11642114854,2.54866755945989
19.5149766367258,12,5312.93714003882,2.4984103998589
19.1571586183258,12,5326.09013019553,2.45058134474357
18.8111315151336,12,5338.63143153338,2.40497661260594
18.476178100819,12,5350.61114941278,2.36141400213537
18.1523129366067,12,5362.05010003191,2.31981781806583
17.8386199756535,12,5372.99946156039,2.28000195796229
17.5351162103394,12,5383.47526845777,2.24190811469905
17.2411569497232,12,5393.51464642483,2.20540128572794
16.9561423834603,12,5403.15108842366,2.17035967845945
16.6801003975518,12,5412.39535228066,2.13674417352489
16.4122697248125,12,5421.2834057789,2.10442397898585
16.1526871944078,12,5429.82340824063,2.07336942457957
15.9008261418267,12,5438.04119733391,2.04348655514947
15.6561976287484,12,5445.96025065946,2.01468999760201
15.418851697903,12,5453.58580443097,1.98696071116017
15.1881601725062,12,5460.94424931037,1.96020272978054
14.9641810436599,12,5468.039357762,1.93440233541098
14.7464862535438,12,5474.88984865509,1.90949145943609
14.5346782283936,12,5481.51283200769,1.88540788360846
14.3288250976286,12,5487.91041271497,1.86214395376378
14.1284061256321,12,5494.10264524718,1.83962674455577
13.9334949622143,12,5500.09079099022,1.81785166912651
13.7437418830294,12,5505.88887078436,1.79676774260241
13.5588215816942,12,5511.50976446846,1.77632812920564
13.3788142351007,12,5516.95376636302,1.75653175867999
13.2032843349737,12,5522.2365633314,1.73732158788586
13.0323153549491,12,5527.35795890739,1.71869833124591
12.8656189438482,12,5532.32875328155,1.70062271533992
12.7029263672882,12,5537.15891033503,1.68305850787266
12.5443246821314,12,5541.84767138457,1.66600846769254
12.3894459348669,12,5546.40760694302,1.64942688384363
12.2383787918498,12,5550.83767444414,1.63331754747589
12.0908830033782,12,5555.14639369713,1.61764947746499
11.9467342007038,12,5559.34165426989,1.60239398447314
11.806022497412,12,5563.42209182456,1.58755602972892
11.6684338171413,12,5567.39798704643,1.57309822892212
11.5340586989038,12,5571.26781598039,1.55902612370771
11.4026015231363,12,5575.0411123468,1.54530504601165
11.274152896633,12,5578.71622741879,1.53194099120442
11.1485234076506,12,5582.29948329659,1.51891096983061
11.0255356495813,12,5585.796761109,1.50619359596728
10.9052797789934,12,5589.20627713376,1.49379535587726
10.7875000366028,12,5592.5360145011,1.48168721999601
10.6722859788084,12,5595.784127231,1.46987590097821
10.5594758344916,12,5598.95582969701,1.45834243746545
10.448917780069,12,5602.05598647721,1.44706914008289
10.3407001196828,12,5605.08269042618,1.43606294390482
10.2345996275637,12,5608.04272083951,1.42529919694727
10.1307035856959,12,5610.93414695895,1.41478492014931
10.0288725343389,12,5613.76133282939,1.40450424425679
9.92897533535527,12,5616.52836037218,1.39444232591934
9.83109752453342,12,5619.23328333264,1.38460624242676
9.73504269860021,12,5621.88192928422,1.37497480260287
9.64089511955232,12,5624.47235222872,1.3655550828047
